pid,Player,Season,AVG,FPTS_TG,Y/A_PASSING_avg,FPTS/G_MISC_avg,CMP_PASSING/G_avg,ATT_PASSING/G_avg,PCT_PASSING/G_avg,YDS_PASSING/G_avg,Y/A_PASSING/G_avg,TD_PASSING/G_avg,INT_PASSING/G_avg,SACKS_PASSING/G_avg,ATT_RUSHING/G_avg,YDS_RUSHING/G_avg,TD_RUSHING/G_avg,FL_MISC/G_avg,Y/A_PASSING_ewm,FPTS/G_MISC_ewm,CMP_PASSING/G_ewm,ATT_PASSING/G_ewm,PCT_PASSING/G_ewm,YDS_PASSING/G_ewm,Y/A_PASSING/G_ewm,TD_PASSING/G_ewm,INT_PASSING/G_ewm,SACKS_PASSING/G_ewm,ATT_RUSHING/G_ewm,YDS_RUSHING/G_ewm,TD_RUSHING/G_ewm,FL_MISC/G_ewm,Rookie,Career_Years
16413,Patrick Mahomes II (KC),2018,118.0,26.1,8.1,10.4,22.0,35.0,62.9,284.0,8.1,0.0,1.0,2.0,7.0,10.0,0.0,0.0,8.1,10.4,22.0,35.0,62.9,284.0,8.1,0.0,1.0,2.0,7.0,10.0,0.0,0.0,0,1
9444,Matt Ryan (FA),2018,110.5,22.2,8.166666666666666,16.866666666666667,23.375,34.9375,4.185416666666667,283.9583333333333,0.5104166666666666,1.6458333333333333,0.7291666666666666,1.8958333333333333,2.1458333333333335,6.729166666666667,0.0,0.20833333333333334,8.167295401695068,16.7387538594244,22.916053390593273,34.36611652351682,4.170526695296637,279.96028586095736,0.5104559626059417,1.6245832036229824,0.7065173420974213,1.8452593531992154,2.1167059626059417,7.284182385042376,0.0,0.19579403739405826,0,3
9039,Ben Roethlisberger (FA),2018,111.5,21.3,7.833333333333333,18.133333333333333,24.67063492063492,37.61349206349206,4.848888888888889,294.784126984127,0.5807936507936508,1.8960317460317462,1.065079365079365,1.426984126984127,1.41984126984127,2.183333333333333,0.023809523809523808,0.06984126984126983,7.7491950116270845,17.9546918160678,24.402157999971624,37.44723618722584,4.696657459055355,290.1409062643141,0.5597707738497143,1.9058379468192317,1.0224240952881232,1.4009122814350032,1.4950743346157718,2.287507560073273,0.022884088644074336,0.07597363324294687,0,3
16398,Deshaun Watson (CLE),2018,48.0,20.7,8.3,24.1,18.0,29.142857142857142,8.828571428571427,242.71428571428572,1.1857142857142857,2.7142857142857144,1.1428571428571428,2.7142857142857144,5.142857142857143,38.42857142857143,0.2857142857142857,0.14285714285714285,8.3,24.1,18.0,29.142857142857142,8.828571428571427,242.71428571428572,1.1857142857142857,2.7142857142857144,1.1428571428571428,2.7142857142857144,5.142857142857143,38.42857142857143,0.2857142857142857,0.14285714285714285,0,1
11172,Andrew Luck (FA),2018,97.0,20.5,7.1,19.6,23.104761904761904,39.095238095238095,6.066666666666666,275.6904761904762,0.7171428571428572,2.104761904761905,1.2904761904761903,2.4380952380952383,4.4904761904761905,25.366666666666667,0.06666666666666667,0.23809523809523808,7.2201010126776675,19.754415587728428,23.098225795228426,38.62137015406091,5.752116395368016,276.8874012487945,0.6833184903071061,2.0982257952284264,1.2177619719162427,2.488750086979697,4.452076546967005,24.91485809516497,0.07810485835025399,0.25443551192893427,0,2
9001,Aaron Rodgers (NYJ),2018,31.0,19.5,7.0,20.366666666666667,22.916666666666668,35.958333333333336,5.714285714285715,251.61607142857142,0.625,2.2410714285714284,0.5982142857142857,2.7351190476190474,3.7470238095238098,20.854166666666668,0.10416666666666667,0.21428571428571427,7.0281508964068165,20.265961653288613,22.910361263220633,35.71800272860202,6.362759374766041,251.18121638004885,0.6941179656440358,2.275481767121701,0.6417913650514252,2.776101853762027,3.7162139796338405,20.414803001462225,0.09425311773307184,0.2014555172155029,0,3
15501,Jared Goff (DET),2018,118.5,19.4,6.65,12.3,17.866666666666667,30.542857142857144,5.97,204.5857142857143,0.6452380952380952,1.2904761904761906,0.7333333333333334,2.6904761904761907,1.5047619047619047,2.8428571428571425,0.10476190476190475,0.24285714285714285,6.881623381592643,13.106392513692906,18.18693603380711,30.758548757461934,5.656021638285528,212.99523621422603,0.6260382734835023,1.3893348471700526,0.687580566598984,2.514818246763957,1.5668549453299503,2.938447744784266,0.09822579522842628,0.2355040196319796,0,2
9200,Drew Brees (FA),2018,70.0,20.3,7.866666666666667,19.166666666666668,27.365277777777777,39.12083333333333,4.476111111111111,307.0138888888889,0.5025000000000001,1.961111111111111,0.7236111111111111,1.6680555555555554,1.7,0.9777777777777779,0.10555555555555556,0.12777777777777777,7.903886827694888,18.693169447152826,26.825671980408547,38.1235197593946,4.4720350272547895,300.5616204273197,0.5013555066199125,1.875464809154014,0.6930245908658522,1.5751734606680943,1.7574890490211434,0.951721122446368,0.11178511301977578,0.11029976620905838,0,3
11180,Russell Wilson (DEN),2018,57.0,18.7,7.733333333333334,19.833333333333332,21.270833333333332,32.958333333333336,4.04375,254.70833333333334,0.4833333333333334,1.8541666666666667,0.625,2.6875,5.625,29.125,0.10416666666666667,0.16666666666666666,7.609383632135606,19.971572875253813,21.32624201110179,33.431218433538234,3.9956100545720403,254.24357541163263,0.4755864770084754,1.8646934916736546,0.645023577563565,2.6757704598304937,5.590228175868497,29.610049489913447,0.11913522991524662,0.16747642243643499,0,3
15600,Dak Prescott (DAL),2018,151.5,17.9,7.4,17.1,19.34375,29.65625,4.084375,218.46875,0.4625,1.40625,0.53125,1.78125,3.5625,19.96875,0.375,0.21875,7.297056274847715,16.962741699796954,19.327665042944957,29.82246122290213,4.05810290347676,216.62970324337326,0.4560660171779822,1.4008883476483187,0.579504871165134,1.818781566461771,3.5625,20.370873926376117,0.375,0.21338834764831843,0,2
9509,Philip Rivers (FA),2018,108.5,17.8,7.566666666666666,16.966666666666665,23.875,37.791666666666664,3.939583333333333,285.2708333333333,0.47291666666666665,1.875,0.9166666666666666,1.9583333333333333,1.0208333333333333,1.2708333333333333,0.0,0.16666666666666666,7.6453081839321975,16.879622758982958,23.369968822669286,37.215228175868496,3.9180039555359976,283.52644816593096,0.47783176149576234,1.864276695296637,0.8877357756356504,1.7969181606780271,1.0307468822669281,1.0406365942162563,0.0,0.15675311773307182,0,3
9869,Cam Newton (FA),2018,66.0,20.2,7.133333333333333,20.0,18.229166666666668,31.895833333333332,3.6526388888888888,226.70694444444447,0.45541666666666664,1.6097222222222223,0.8527777777777779,2.216666666666667,7.645833333333333,36.93611111111111,0.4444444444444444,0.1486111111111111,7.013270459830495,19.423987840372558,18.19822330470336,31.833702455741815,3.6501314678819043,222.77902480152554,0.44754024941864573,1.524356962781039,0.8936886723926607,2.227262548758498,7.727374512415021,38.02417853624669,0.41828617820620323,0.1276698103418087,0,3
11177,Kirk Cousins (MIN),2018,85.0,17.7,7.8,18.166666666666668,23.583333333333332,35.1875,4.189583333333333,274.5,0.4875,1.6875,0.75,1.875,2.2708333333333335,6.729166666666667,0.2708333333333333,0.22916666666666666,7.78284271247462,18.052414965118746,23.321972915572314,35.11403254163173,4.150687100555089,273.3455208583308,0.48642766952966376,1.6757704598304932,0.7641588074788116,1.9896934916736546,2.4364937645338562,7.670739282499775,0.26415880747881165,0.24413522991524658,0,3
9603,Tom Brady (FA),2018,54.5,17.6,7.8999999999999995,20.5,24.479166666666668,37.104166666666664,4.595138888888889,293.4513888888889,0.5506944444444444,2.1944444444444446,0.3680555555555555,1.9375,2.0069444444444446,3.4652777777777772,0.0625,0.10416666666666667,7.928150896406816,20.14075448203408,24.363270459830495,36.82121083377108,4.588737243704941,292.0322948828537,0.5502405430325038,2.1634276435875934,0.37904877884884147,1.9296227589829593,1.936886723926607,3.2519886339480206,0.042476422436434964,0.11327045983049322,0,3
16381,Mitch Trubisky (PIT),2018,168.0,18.8,6.6,11.2,16.333333333333332,27.5,4.95,182.75,0.5499999999999999,0.5833333333333334,0.5833333333333334,2.5833333333333335,3.4166666666666665,20.666666666666668,0.16666666666666666,0.25,6.6,11.2,16.333333333333332,27.5,4.95,182.75,0.5499999999999999,0.5833333333333334,0.5833333333333334,2.5833333333333335,3.4166666666666665,20.666666666666668,0.16666666666666666,0.25,0,1
17237,Baker Mayfield (TB),2018,223.0,17.1,,,,,,,,,,,,,,,,,,,,,,,,,,,,,1,0
9213,Eli Manning (FA),2018,174.0,15.0,6.666666666666667,14.833333333333334,23.73888888888889,38.02222222222222,3.9855555555555555,253.29583333333335,0.4251388888888889,1.6930555555555555,0.9138888888888889,1.6888888888888889,1.1208333333333333,1.6611111111111112,0.022222222222222223,0.27777777777777773,6.54142135623731,14.226540919660987,23.660667731853096,37.97155775510727,4.008482821493776,248.1393028458098,0.42035466484759865,1.5900749415522646,0.9112714731327803,1.7391520653615244,1.0661367498686773,1.4688169129601782,0.03020545595479819,0.2877568199434978,0,3
12092,Derek Carr (NO),2018,143.0,13.5,6.933333333333334,16.233333333333334,22.402777777777782,35.82638888888889,4.084027777777778,248.24027777777778,0.45249999999999996,1.7777777777777777,0.6930555555555555,1.4458333333333335,2.0652777777777778,5.897222222222222,0.0,0.19583333333333333,6.909383632135604,15.838477631085023,22.336923227189462,35.629556833383,4.121656423780386,246.13778596160248,0.45401813198559493,1.7156393868926758,0.7048863210437443,1.384767874690635,1.9949469604054488,5.442569316505546,0.0,0.19716823850423768,0,3
11425,Case Keenum (HOU),2018,183.5,13.4,6.933333333333334,11.433333333333332,17.977777777777778,28.366666666666664,6.909999999999999,198.18888888888887,0.7577777777777777,1.011111111111111,0.5777777777777778,1.4777777777777776,2.222222222222222,5.533333333333332,0.05555555555555556,0.16666666666666666,7.026540919660986,12.413937334033722,18.96568542494924,29.56457396794386,6.288600872902799,208.91642993273598,0.6905719095841794,1.1038868276948877,0.6016099767458299,1.5524149651187447,2.302054559547982,6.655580981672107,0.06224318005650227,0.13775681994349775,0,3
9451,Matthew Stafford (LAR),2018,101.5,13.3,7.466666666666666,17.566666666666666,24.104166666666668,36.479166666666664,4.129166666666666,271.5625,0.4666666666666666,1.7708333333333333,0.6875,2.6666666666666665,2.2916666666666665,9.666666666666666,0.0625,0.22916666666666666,7.549195011627085,17.454691816067808,23.91018862050852,36.2754715512713,4.119478780192792,272.8869736938344,0.4718246882266928,1.7548585346186096,0.667476422436435,2.6947878019279146,2.1850707326906953,9.171257210636101,0.054205962605941745,0.2665880747881165,0,3
17298,Josh Allen (BUF),2018,271.0,17.3,,,,,,,,,,,,,,,,,,,,,,,,,,,,,1,0
13891,Jameis Winston (NO),2018,165.5,17.8,7.566666666666666,16.233333333333334,20.91826923076923,34.291666666666664,4.117147435897436,259.2628205128205,0.510897435897436,1.528846153846154,0.969551282051282,2.1378205128205128,3.0753205128205128,11.336538461538462,0.17147435897435895,0.3461538461538461,7.607773655389776,16.0453081839322,21.154072861188123,34.33311301665269,4.266478249475003,261.24931398619873,0.527111043807682,1.53435047070733,0.9561834492910918,2.23324383954693,2.975956037619015,11.02479693008791,0.13982887161504823,0.39242622458930665,0,3
15520,Carson Wentz (FA),2018,77.5,17.5,6.85,17.5,22.036057692307693,35.89182692307692,4.265384615384615,244.95673076923077,0.4822115384615384,1.7692307692307692,0.7067307692307692,2.1081730769230766,3.8990384615384617,16.1875,0.0625,0.2091346153846154,6.961522368914977,18.220606076066005,21.75271498726114,35.540844911439926,4.328074704419662,246.4291229919618,0.4984614694350964,1.9012099040413921,0.6778603334909454,2.1160093380524576,4.074735684755104,17.35634021266658,0.051776695296636886,0.21284652855116418,0,2
13890,Marcus Mariota (PHI),2018,135.0,12.5,7.433333333333333,16.3,18.766666666666666,30.366666666666664,4.465555555555556,226.23333333333335,0.5377777777777778,1.3944444444444446,0.8111111111111112,2.1666666666666665,3.611111111111111,21.688888888888886,0.2111111111111111,0.3,7.373459080339013,15.872792206135788,18.72470865151408,30.30075895031635,4.354114512789795,223.99755479458818,0.520259121846326,1.306681267971809,0.8340922836496859,2.024171992598804,3.7357022603955166,21.635572045107562,0.23150106518642743,0.2502683294576383,0,3
9907,Andy Dalton (CAR),2018,186.5,15.9,7.533333333333334,16.099999999999998,20.309294871794872,31.959935897435898,4.290705128205128,240.125,0.5112179487179488,1.5368589743589745,0.5961538461538461,2.1794871794871793,3.2115384615384617,9.536858974358974,0.16025641025641027,0.1971153846153846,7.341421356237309,15.461798597254349,20.142601145824994,32.04533387874065,4.143624049677464,234.86887880691057,0.4862851384929898,1.5040203848174194,0.6219835721251467,2.2738781552396086,2.9904487379041567,8.96230604418222,0.13237298402218015,0.20819364169980165,0,3
12090,Blake Bortles (FA),2018,173.0,13.3,6.833333333333333,17.433333333333334,21.625,36.541666666666664,3.702083333333333,250.41666666666666,0.4270833333333333,1.6458333333333333,0.9791666666666666,2.2708333333333335,3.4791666666666665,20.645833333333332,0.14583333333333334,0.2916666666666667,6.811660483084664,16.967962275898294,21.315101910021415,35.905085932225006,3.7138152572012673,245.29431625065658,0.4257287801927915,1.5507704598304934,0.9433647700847536,2.082523577563565,3.5117295401695072,20.695966680106167,0.14502357756356504,0.27588834764831843,0,3
17236,Sam Darnold (SF),2018,266.0,13.0,,,,,,,,,,,,,,,,,,,,,,,,,,,,,1,0
9545,Ryan Fitzpatrick (FA),2018,291.0,20.7,6.8,13.200000000000001,17.741071428571427,30.359126984126984,5.8615079365079366,207.15575396825398,0.6810515873015873,1.320436507936508,0.8839285714285715,1.2371031746031746,2.869047619047619,13.053571428571429,0.041666666666666664,0.06547619047619048,6.790616367864395,12.648918783287714,17.210082145402417,29.488260828234367,6.586857732335816,200.59756822555698,0.7645119167506677,1.2421275747810216,0.827952538792425,1.2324105055438024,2.7374079722880844,12.687873454194456,0.028317614957623305,0.051201703601697644,0,3
17233,Lamar Jackson (BAL),2018,219.0,9.9,,,,,,,,,,,,,,,,,,,,,,,,,,,,,1,0
11174,Ryan Tannehill (TEN),2018,208.0,13.0,7.45,15.350000000000001,21.38221153846154,33.27403846153846,4.515144230769231,246.69230769230768,0.5211538461538462,1.4807692307692308,0.8365384615384616,2.5216346153846154,2.5,10.713942307692307,0.06971153846153846,0.2091346153846154,7.492893218813452,15.221320343559645,21.15825944407976,32.699104355519694,4.626047947489782,243.89435003432249,0.5333619161238288,1.477469752398965,0.8513861142046567,2.471730005034349,2.585786437626905,11.040178231552316,0.07094884285038805,0.21284652855116418,0,2
9012,Alex Smith (FA),2018,138.5,13.8,7.533333333333334,17.2,21.2625,31.880555555555556,4.351527777777778,240.26944444444442,0.49194444444444446,1.3277777777777777,0.43472222222222223,2.3375,4.1499999999999995,21.241666666666667,0.17500000000000002,0.1111111111111111,7.607773655389776,17.559912392169146,21.65239671348732,32.352692829370085,4.3965925967981745,246.2454623765435,0.5001998986697713,1.3888952454180268,0.42100679400142754,2.292374811529604,4.026874356762601,20.63605967482046,0.16531548458476839,0.11563938689267571,0,3
9300,Joe Flacco (FA),2018,241.0,15.2,6.3,14.333333333333334,25.28333333333333,39.204166666666666,4.834166666666667,248.40833333333333,0.47875,1.2583333333333333,0.9833333333333334,1.7833333333333332,1.3916666666666666,3.1,0.1625,0.12916666666666668,6.173459080339014,13.795446298101886,24.724068745780002,38.35835471644965,4.573612825275777,238.61498360118642,0.44360912703473987,1.2273459080339013,0.9403317614957624,1.787819134911054,1.422938698334731,3.2115628216186995,0.13632704598304934,0.10537891662289244,0,3
17235,Josh Rosen (FA),2018,296.0,8.1,,,,,,,,,,,,,,,,,,,,,,,,,,,,,1,0
11176,Nick Foles (FA),2018,293.0,15.1,6.3,7.6000000000000005,12.471861471861473,21.132756132756132,11.672582972582973,133.3088023088023,1.2705627705627707,0.7835497835497836,0.39826839826839827,1.1067821067821069,1.4834054834054833,0.3044733044733045,0.030303030303030304,0.15584415584415584,6.18606266596628,7.12520717125453,11.446887105243306,19.35129642687491,11.80698527992196,120.80291811066616,1.2696180181529282,0.788169529667649,0.33539824469288904,1.0391243467606237,1.4892640962168693,0.17890085765039426,0.02059462906008968,0.1706412122121716,0,3
16419,C.J. Beathard (JAC),2018,379.0,12.5,6.4,12.7,17.571428571428573,32.0,7.8428571428571425,204.28571428571428,0.9142857142857144,0.5714285714285714,0.8571428571428571,2.7142857142857144,3.7142857142857144,19.428571428571427,0.42857142857142855,0.2857142857142857,6.4,12.7,17.571428571428573,32.0,7.8428571428571425,204.28571428571428,0.9142857142857144,0.5714285714285714,0.8571428571428571,2.7142857142857144,3.7142857142857144,19.428571428571427,0.42857142857142855,0.2857142857142857,0,1
11179,Brock Osweiler (FA),2018,341.0,9.7,6.433333333333334,12.366666666666667,19.105555555555554,32.34722222222222,6.986111111111111,208.1138888888889,0.778888888888889,1.027777777777778,0.8833333333333333,2.113888888888889,2.3194444444444446,9.008333333333333,0.14166666666666666,0.11944444444444445,6.343698207186368,12.015547310779551,18.492207275022814,31.668516368489016,7.22384019140916,201.01662226452206,0.8035019588428818,0.9811215900282512,0.8892096129322274,1.9831205767259643,2.2926153545621073,9.358208703398219,0.14654822031355752,0.12518973757908816,0,3
12208,Jimmy Garoppolo (LV),2018,100.5,16.0,6.1000000000000005,6.8,9.122222222222222,13.655555555555557,9.205555555555556,114.95555555555556,1.0333333333333334,0.6111111111111112,0.2777777777777778,0.611111111111111,1.7222222222222223,0.611111111111111,0.05555555555555555,0.05555555555555555,6.889949493661167,8.482566484135246,11.402981864327113,16.986621666292912,9.869284853599074,144.8780231590652,1.1596519615932437,0.7421803065536622,0.3775681994349774,0.7642977396044841,1.8932075863276532,0.9244863601130046,0.07551363988699547,0.05339620683617345,0,3
10007,Tyrod Taylor (NYG),2018,187.5,10.4,7.2,17.433333333333334,17.584126984126986,28.069841269841266,4.278888888888889,201.63968253968255,0.4926984126984127,1.1650793650793652,0.3650793650793651,2.812698412698413,6.453968253968253,35.9015873015873,0.31746031746031744,0.1126984126984127,7.058578643762691,16.899333125796772,17.605388382966954,28.147557792613522,4.239441111944616,198.22259960743065,0.4792020398569789,1.1096004750831348,0.3460616857950033,2.869041042182396,6.249189563173538,34.476738419222514,0.31369869727200517,0.11930937164003418,0,3
9858,Blaine Gabbert (KC),2018,467.0,4.1,6.466666666666666,13.566666666666668,18.805555555555554,32.03888888888889,9.496944444444445,208.4138888888889,1.0488888888888888,1.0944444444444443,1.0250000000000001,3.1861111111111113,5.022222222222222,22.78611111111111,0.15277777777777776,0.17500000000000002,6.389006391118565,13.151471862576143,18.508145231666216,32.024359416649006,9.86335572606464,205.3139428031259,1.0935295816768191,1.0938553909434678,1.0622987529067713,3.3794751100195657,5.035572045107565,21.90684471469867,0.13511002862997018,0.20955035068641245,0,3
9327,Josh McCown (FA),2018,315.0,5.2,7.1000000000000005,14.233333333333334,20.596153846153847,33.34615384615385,8.013141025641026,236.23397435897436,0.9364102564102564,1.3615384615384614,0.7974358974358974,3.158333333333333,2.2487179487179487,8.662820512820513,0.16987179487179485,0.6192307692307693,7.130427747355875,14.228541542270673,20.33947065111442,32.67761484509783,7.641513829607025,232.18310926599898,0.8911004545794609,1.3516081539269678,0.8113951916584617,3.163908729652601,2.3044210561850154,8.442414376266704,0.2025798608506898,0.5656172792738257,0,3
11686,Matt Barkley (BUF),2018,303.0,17.1,7.5,10.2,18.428571428571427,30.857142857142858,8.528571428571428,230.14285714285714,1.0714285714285714,1.1428571428571428,2.0,0.8571428571428571,1.0,0.2857142857142857,0.0,0.2857142857142857,7.5,10.2,18.428571428571427,30.857142857142858,8.528571428571428,230.14285714285714,1.0714285714285714,1.1428571428571428,2.0,0.8571428571428571,1.0,0.2857142857142857,0.0,0.2857142857142857,0,1
16414,Nathan Peterman (CHI),2018,393.0,3.2,5.1,2.6,6.0,12.25,12.25,63.0,1.275,0.5,1.25,0.25,1.75,5.75,0.0,0.0,5.1,2.6,6.0,12.25,12.25,63.0,1.275,0.5,1.25,0.25,1.75,5.75,0.0,0.0,0,1
9678,Sam Bradford (FA),2018,231.0,4.2,7.633333333333333,14.066666666666668,22.34920634920635,32.1,15.53873015873016,238.51269841269837,1.8055555555555556,1.396825396825397,0.4444444444444444,2.3222222222222224,1.396825396825397,1.6063492063492062,0.0,0.18253968253968256,7.860855494711749,14.007106781186549,21.284707123745633,30.139696961967,19.435708913562834,229.6215349961185,2.2789940239545583,1.4142408046408286,0.33333333333333337,2.376050298802272,1.3009703448103351,1.0834551021423804,0.0,0.155336896456844,0,3
12088,Teddy Bridgewater (DET),2018,386.0,1.4,3.6,5.1,9.125,14.96875,2.040625,100.96875,0.225,0.4375,0.78125,1.375,2.875,4.5,0.09375,0.09375,2.982337649086285,3.830360723121807,7.559397513308985,12.743664274052152,1.690509101435194,83.64525125171689,0.1863961030678928,0.36243686707645817,0.818781566461771,1.1390872965260115,2.896446609406726,3.2132034355964265,0.07766504294495534,0.07766504294495534,0,2
15833,Nate Sudfeld (DET),2018,453.0,2.4,5.8,7.6,19.0,23.0,82.6,134.0,5.8,0.0,0.0,3.0,1.0,22.0,0.0,0.0,5.8,7.6,19.0,23.0,82.6,134.0,5.8,0.0,0.0,3.0,1.0,22.0,0.0,0.0,0,1
9714,Joe Webb III (FA),2018,444.0,0.1,1.6666666666666667,0.13333333333333333,0.041666666666666664,0.14583333333333334,0.5958333333333333,0.7291666666666666,0.10416666666666667,0.0,0.020833333333333332,0.0,0.1875,1.1041666666666667,0.0,0.0,2.2654091966098644,0.16796227589829593,0.05663522991524661,0.19822330470336313,0.8098837877880265,0.9911165235168157,0.14158807478811652,0.0,0.028317614957623305,0.0,0.2406997271397981,1.5149924002328468,0.0,0.0,0,3
9435,Matt Cassel (FA),2018,403.0,0.9,5.266666666666667,4.166666666666667,11.074074074074074,18.805555555555557,16.975925925925925,97.92592592592592,1.3499999999999999,0.5185185185185185,0.7592592592592592,2.2685185185185186,0.888888888888889,3.138888888888889,0.0,0.3333333333333333,4.988339516915337,3.469572252644126,11.06172668133662,18.73445596104439,19.65621189791647,91.56488126255843,1.4906163678643944,0.5125856066478326,0.7894689529001494,2.5651958946985047,0.6979454404520181,2.203637567824663,0.0,0.4530818393219729,0,3
9425,Mark Sanchez (FA),2018,391.0,0.2,6.0,3.9499999999999997,9.875,15.875,22.0,100.25,2.15,0.5,1.0,1.875,1.75,2.25,0.0,0.125,5.862741699796953,3.2208152801713084,9.038582233137678,14.69543648263006,22.9951226764721,91.02795795510774,2.2272077938642143,0.4142135623730951,1.0,1.8106601717798216,1.7928932188134525,1.6923881554251181,0.0,0.10355339059327377,0,2
12091,AJ McCarron (FA),2018,331.0,0.0,3.966666666666667,2.9333333333333336,4.53968253968254,7.222222222222222,8.717460317460317,48.0,0.8650793650793651,0.2857142857142857,0.09523809523809523,0.6825396825396824,0.6666666666666666,1.4761904761904763,0.0,0.047619047619047616,3.760579266372375,2.1974469207115686,3.6138670517347844,5.965577551072643,9.70026642662662,37.60579266372375,0.9428417323033436,0.19417793113798837,0.06472597704599613,0.5393831420499677,0.4530818393219729,1.0032526442129401,0.0,0.032362988522998064,0,3
11175,Brandon Weeden (FA),2018,450.0,-0.1,7.5,11.1,16.166666666666668,23.333333333333332,11.549999999999999,173.83333333333334,1.25,0.8333333333333334,0.3333333333333333,1.6666666666666667,2.6666666666666665,7.833333333333333,0.16666666666666666,0.16666666666666666,7.5,11.1,16.166666666666668,23.333333333333332,11.549999999999999,173.83333333333334,1.25,0.8333333333333334,0.3333333333333333,1.6666666666666667,2.6666666666666665,7.833333333333333,0.16666666666666666,0.16666666666666666,0,1
9078,Brian Hoyer (LV),2018,321.0,-0.1,6.8,11.4,17.95959595959596,28.68686868686869,7.328282828282828,198.24747474747474,0.7999999999999999,1.0303030303030303,0.3333333333333333,1.4646464646464648,1.1161616161616161,1.3434343434343434,0.030303030303030304,0.14646464646464646,6.6789558847797315,10.30965986047498,16.83456737428939,26.96959295376563,7.228973590377521,183.83769740953517,0.7819290300801796,0.8764322256394621,0.30891943590134513,1.3874786837698054,1.0533962068361735,0.9641282974523161,0.04118925812017935,0.13577472307653216,0,3
15642,Jacoby Brissett (WAS),2018,310.0,-0.2,6.949999999999999,11.15,14.291666666666668,23.822916666666664,12.1375,163.47916666666669,1.4229166666666666,0.40625,0.21875,2.625,4.635416666666666,21.958333333333336,0.29166666666666663,0.26041666666666663,6.889949493661167,11.450252531694167,14.799236422625857,24.764780263112062,10.685564543164634,168.6513739685888,1.2495565739622962,0.47595148057186026,0.2562815664617709,2.732233047033631,4.515673097479112,20.978938170426172,0.2845177968644246,0.24790614451274304,0,2
11687,Geno Smith (SEA),2018,465.0,-0.3,7.066666666666667,9.633333333333333,13.833333333333334,22.333333333333332,40.666666666666664,144.66666666666666,4.583333333333333,1.0,0.5,2.0,1.6666666666666667,14.833333333333334,0.0,0.3333333333333333,6.983785815017221,8.032428369965558,12.155473107795512,19.912832420676224,36.92068698147345,128.2437848623641,4.205496804440718,0.8398113794914797,0.3867295401695067,1.8398113794914794,1.679622758982959,11.86257988898206,0.0,0.4530818393219729,0,3
17456,Kyle Lauletta (FA),2018,433.0,-1.1,,,,,,,,,,,,,,,,,,,,,,,,,,,,,1,0
17233,Lamar Jackson (BAL),2019,107.0,28.1,7.1,9.9,6.1875,10.625,3.6375,75.0625,0.44375,0.375,0.1875,1.0,9.1875,43.4375,0.3125,0.25,7.1,9.9,6.1875,10.625,3.6375,75.0625,0.44375,0.375,0.1875,1.0,9.1875,43.4375,0.3125,0.25,0,1
15600,Dak Prescott (DAL),2019,128.3,21.8,7.3999999999999995,17.366666666666664,20.3125,30.729166666666668,4.133333333333334,226.58333333333334,0.46249999999999997,1.3958333333333333,0.5208333333333334,2.3541666666666665,3.9375,19.666666666666668,0.375,0.2708333333333333,7.343698207186369,17.387396414372734,20.651721940402354,31.20551110663128,4.136552708442769,228.4926529564591,0.4589811379491481,1.389158807478812,0.5434826579025787,2.5805111066312776,4.072217069237219,19.778073461292713,0.375,0.28661165235168157,0,3
13891,Jameis Winston (NO),2019,113.0,21.0,7.666666666666667,16.433333333333334,21.812208624708628,34.60037878787879,4.86013986013986,265.72115384615387,0.591958041958042,1.6462703962703962,1.0812937062937062,2.393502331002331,3.4351689976689976,15.414189976689977,0.07677738927738928,0.3953962703962704,7.74142135623731,16.655358690271033,21.884689251268053,34.49040960449339,5.0939944905743495,267.50177153958634,0.622029337922601,1.6472861736381166,1.1025965830078475,2.4209335351234307,3.581955748385986,17.237379191720514,0.07999246875414799,0.3810314413195068,0,4
11180,Russell Wilson (DEN),2019,82.0,20.8,7.666666666666667,19.066666666666666,20.25,31.791666666666668,3.9916666666666667,242.70833333333334,0.4791666666666667,1.875,0.6041666666666666,2.8125,4.875,25.4375,0.08333333333333333,0.14583333333333334,7.721044115220269,19.230703975695246,19.714984022203588,30.895368862987787,4.001155689745739,237.12905456267112,0.4825652572012668,1.9692531177330717,0.5742295401695068,2.8857233047033635,4.81895420917388,26.048370813327697,0.0742295401695068,0.14502357756356504,0,4
16398,Deshaun Watson (CLE),2019,43.0,22.2,8.25,22.4,19.78125,30.35267857142857,6.548660714285713,251.51339285714286,0.8491071428571428,2.169642857142857,0.8526785714285714,3.294642857142857,5.665178571428571,36.433035714285715,0.29910714285714285,0.16517857142857142,8.24142135623731,22.108326112068525,20.08686418404585,30.560251112472244,6.157489877713747,253.02308096930923,0.791354487526173,2.076196916156407,0.8028917995915285,3.3942164008169433,5.754794760735249,36.09065591411405,0.3014049938650064,0.169008323108344,0,2
17298,Josh Allen (BUF),2019,160.0,18.6,6.5,17.3,14.083333333333334,26.666666666666668,4.3999999999999995,172.83333333333334,0.5416666666666666,0.8333333333333334,1.0,2.3333333333333335,7.416666666666667,52.583333333333336,0.6666666666666666,0.16666666666666666,6.5,17.3,14.083333333333334,26.666666666666668,4.3999999999999995,172.83333333333334,0.5416666666666666,0.8333333333333334,1.0,2.3333333333333335,7.416666666666667,52.583333333333336,0.6666666666666666,0.16666666666666666,0,1
18600,Kyler Murray (ARI),2019,101.7,18.6,,,,,,,,,,,,,,,,,,,,,,,,,,,,,1,0
16413,Patrick Mahomes II (KC),2019,18.3,20.9,8.45,18.25,22.96875,35.625,33.5125,301.28125,4.325,1.5625,0.875,1.8125,5.375,13.5,0.0625,0.0625,8.510050506338834,19.59684707074241,23.134961222902128,35.73223304703363,28.470402128478664,304.24624375047995,3.677312395916868,1.830582617584078,0.8535533905932737,1.7803300858899107,5.09619407771256,14.100505063388335,0.07322330470336312,0.07322330470336312,0,2
15520,Carson Wentz (FA),2019,75.3,17.7,7.133333333333333,17.5,23.14525058275058,36.07939976689977,4.952680652680653,256.4560023310023,0.5548076923076923,1.8158508158508158,0.6832750582750583,2.344842657342657,3.6296620046620043,13.609848484848484,0.041666666666666664,0.32124125874125875,7.2961131723051125,17.894112549695432,23.388757886116256,35.95482603409966,5.233875021782779,261.3923421456944,0.5897749175576906,1.9047806443049333,0.6590589336307174,2.43415093687074,3.628981722041481,13.323098670390365,0.028317614957623305,0.363545180622982,0,3
9001,Aaron Rodgers (NYJ),2019,50.7,17.6,7.233333333333333,20.599999999999998,23.4375,36.479166666666664,5.747619047619048,264.5535714285714,0.6395833333333334,2.1160714285714284,0.47321428571428575,2.7976190476190474,3.4345238095238098,19.291666666666668,0.125,0.19345238095238093,7.249195011627085,20.1537487135252,23.260133865614236,36.435314886355606,5.655622133761078,265.14374211558976,0.6332868862987783,2.0065835097034275,0.4303559459958202,2.8900212950212207,3.264733799173751,18.6088287215889,0.11327045983049322,0.1873562520762652,0,4
9444,Matt Ryan (FA),2019,71.3,18.8,8.366666666666667,19.400000000000002,23.6875,34.8125,4.25,290.8958333333333,0.5229166666666667,1.9375,0.5416666666666666,2.1458333333333335,2.0833333333333335,8.020833333333334,0.0625,0.20833333333333334,8.243698207186368,19.555749336134888,24.079332228453026,35.370385619046296,4.250468589190651,291.4336303493808,0.515231137949148,1.9296227589829593,0.5376178878178253,2.193781566461771,2.0707940373940583,8.059653936313676,0.08495284487286991,0.22997642243643493,0,4
9603,Tom Brady (FA),2019,119.0,17.0,7.8999999999999995,19.2,23.916666666666668,35.979166666666664,4.624305555555556,284.8055555555556,0.5506944444444444,2.048611111111111,0.45138888888888884,1.5833333333333333,1.777777777777778,3.0902777777777772,0.041666666666666664,0.10416666666666667,7.832037724101705,18.771849103593183,23.8218002728602,35.930212198072084,4.4632670887718495,282.06499668848215,0.5282030981984417,1.9905607950141258,0.5094392049858744,1.578671278411099,1.6804900623234305,2.759994933488565,0.05663522991524661,0.11670596260594175,0,4
15501,Jared Goff (DET),2019,87.3,16.5,7.233333333333334,14.666666666666666,19.494444444444444,32.04940476190476,5.332083333333333,234.05714285714285,0.6051587301587301,1.5269841269841269,0.7388888888888889,2.481150793650794,1.8990079365079364,4.145238095238095,0.1115079365079365,0.26607142857142857,7.569572252644126,15.957911769559463,20.2543774485536,32.70859090278317,4.931194161915996,249.2439417448045,0.5802596666916805,1.6660161378240788,0.7158616782937517,2.3098810635612534,2.074598867926929,4.665392851249225,0.11035670117271404,0.27038950003752077,0,3
12208,Jimmy Garoppolo (LV),2019,161.5,16.3,8.299999999999999,12.166666666666666,14.944444444444445,23.277777777777782,14.161111111111111,194.33333333333334,1.8333333333333333,1.1666666666666667,0.6111111111111112,2.0555555555555554,2.277777777777778,4.611111111111111,0.05555555555555555,0.05555555555555555,8.30160997674583,13.26340857400018,16.035533905932738,25.324632373164427,15.178921017428848,210.68959315379195,1.995262145875635,1.2799371264971597,0.7200628735028402,2.503794751581763,2.386729540169507,5.797799427400596,0.05339620683617345,0.03775681994349774,0,4
9509,Philip Rivers (FA),2019,127.3,16.0,8.0,16.966666666666665,22.0,34.604166666666664,3.985416666666667,275.1875,0.5,1.9375,0.8958333333333334,1.7916666666666667,1.0416666666666667,0.8333333333333334,0.0,0.14583333333333334,8.103886827694888,17.149195011627086,21.97612412328397,34.08269622027567,4.042761028805067,274.49926753900525,0.5064929267309305,1.9340644972245515,0.8373821121821748,1.7763051440253361,1.0683647700847536,0.6537344113346409,0.0,0.11913522991524662,0,4
9545,Ryan Fitzpatrick (FA),2019,314.0,17.0,7.7,14.166666666666666,17.595238095238095,28.90079365079365,7.399007936507936,224.38492063492063,0.9373015873015872,1.382936507936508,1.0714285714285714,1.4246031746031746,3.119047619047619,13.761904761904761,0.08333333333333333,0.06547619047619048,8.045975058135426,15.471572875253813,18.103594253994874,29.156990460831047,7.838478993198411,236.7468195684352,1.0152084252243903,1.5307502875503949,1.114896781936963,1.4741150576351483,3.373800690120948,14.877053334333887,0.11327045983049322,0.07281672417674565,0,4
12092,Derek Carr (NO),2019,165.5,15.8,7.033333333333334,15.066666666666668,23.048611111111114,35.40972222222222,4.246527777777778,249.53194444444443,0.45875,1.5069444444444444,0.6305555555555555,1.8625,1.877777777777778,4.001388888888889,0.020833333333333332,0.2791666666666667,7.071849103593183,14.592893218813451,23.079475110019565,35.11678734716091,4.253814582989539,248.78671865014195,0.4576753676268355,1.4307976877203437,0.6514527929887296,2.1130116651665616,1.7598742529943199,3.797778721901211,0.028317614957623305,0.30760693683896856,0,4
11177,Kirk Cousins (MIN),2019,152.7,16.7,7.599999999999999,17.966666666666665,24.541666666666668,36.5,4.195833333333333,277.25,0.4749999999999999,1.7083333333333333,0.7291666666666666,2.1666666666666665,2.6458333333333335,8.291666666666666,0.1875,0.3125,7.486729540169508,17.853081839321973,24.731643607944505,36.55344388080471,4.221220946947007,273.2844684288536,0.46792059626059423,1.7441352299152466,0.7133883476483185,2.279323850423767,2.708529813029709,8.426532541631728,0.16504715512713009,0.3408176149576233,0,4
17237,Baker Mayfield (TB),2019,59.7,15.6,7.7,17.1,22.142857142857142,34.714285714285715,4.557142857142857,266.07142857142856,0.55,1.9285714285714286,1.0,1.7857142857142858,2.7857142857142856,9.357142857142858,0.0,0.21428571428571427,7.7,17.1,22.142857142857142,34.714285714285715,4.557142857142857,266.07142857142856,0.55,1.9285714285714286,1.0,1.7857142857142858,2.7857142857142856,9.357142857142858,0.0,0.21428571428571427,0,1
11174,Ryan Tannehill (TEN),2019,374.0,19.2,7.45,13.8,18.03846153846154,27.416083916083917,5.498951048951049,205.14685314685315,0.6234265734265734,1.5034965034965033,0.8706293706293706,2.7062937062937062,2.9545454545454546,12.898601398601398,0.038461538461538464,0.2972027972027972,7.407106781186548,13.662741699796953,17.688716831213387,26.98595191763293,5.556841896720255,200.81673771474829,0.6287657293348213,1.5106953653952648,0.8616307932559192,2.7878808078130004,2.9467466874884636,12.947193716418036,0.03186258172100732,0.30860099520916917,0,3
9200,Drew Brees (FA),2019,80.0,20.8,8.0,19.166666666666668,25.943055555555556,36.05416666666667,4.611666666666667,287.5027777777778,0.5113888888888889,1.961111111111111,0.5902777777777778,1.3569444444444443,1.8555555555555554,1.1555555555555557,0.1722222222222222,0.10555555555555556,8.054691816067804,19.163799219864032,25.39268522960294,35.03198296920743,4.680100031130484,281.10143468169633,0.5188985346810717,1.9509927512315692,0.5235980124646861,1.2962521044307846,1.9227997662090588,1.1879791113445737,0.18918659390394615,0.08684068587004479,0,4
18232,Daniel Jones (NYG),2019,340.0,17.5,,,,,,,,,,,,,,,,,,,,,,,,,,,,,1,0
15642,Jacoby Brissett (WAS),2019,228.0,14.9,4.8,7.366666666666667,9.694444444444445,16.215277777777775,12.258333333333333,109.15277777777779,0.9902777777777777,0.2708333333333333,0.14583333333333334,1.75,3.6736111111111107,14.055555555555557,0.19444444444444442,0.17361111111111108,3.9947794238986565,6.171734686068703,8.320512083362786,13.99738991041873,11.507652297278606,92.46504016638369,0.7400404130098429,0.2603065083263456,0.14016504294495533,1.4943078726273553,3.262596843509978,10.680869058334086,0.15560795014125564,0.1355843725776906,0,3
9907,Andy Dalton (CAR),2019,288.0,16.7,7.066666666666666,15.133333333333333,20.619318181818183,33.12310606060606,4.471590909090909,234.5492424242424,0.5079545454545454,1.5321969696969697,0.75,2.303030303030303,2.234848484848485,8.895833333333334,0.08333333333333333,0.14583333333333334,7.017157287525381,15.125597817118384,20.409580793826795,32.93718229596469,4.665102217575762,231.72185810329796,0.5286738326082286,1.6204223942315024,0.8066352299152466,2.2264050521340812,2.0712292213636774,8.665291308792039,0.05663522991524661,0.12257073269069513,0,4
16381,Mitch Trubisky (PIT),2019,150.3,14.2,7.0,15.0,18.488095238095237,29.25,4.853571428571429,206.48214285714286,0.5392857142857143,1.1488095238095237,0.7202380952380952,2.1488095238095237,4.136904761904762,25.36904761904762,0.19047619047619047,0.23214285714285715,7.068629150101525,15.65197692596448,18.857793933582613,29.55025253169417,4.837026901314812,210.55393484307706,0.5374474334794235,1.245829899697095,0.7437272388740335,2.0742570244432854,4.26047808277209,26.175848639586373,0.1945612589346145,0.22907905579903912,0,2
17236,Sam Darnold (SF),2019,179.0,15.5,6.9,13.0,18.384615384615383,31.846153846153847,4.438461538461539,220.3846153846154,0.5307692307692308,1.3076923076923077,1.1538461538461537,2.3076923076923075,3.3846153846153846,10.615384615384615,0.07692307692307693,0.15384615384615385,6.9,13.0,18.384615384615383,31.846153846153847,4.438461538461539,220.3846153846154,0.5307692307692308,1.3076923076923077,1.1538461538461537,2.3076923076923075,3.3846153846153846,10.615384615384615,0.07692307692307693,0.15384615384615385,0,1
9451,Matthew Stafford (LAR),2019,169.0,21.4,7.333333333333333,15.966666666666669,23.458333333333332,35.708333333333336,4.10625,261.4583333333333,0.4583333333333333,1.5416666666666667,0.6458333333333334,2.5833333333333335,1.8958333333333333,7.833333333333333,0.041666666666666664,0.2708333333333333,7.265685424949238,15.468905378440898,23.314929267309303,35.4399292673093,4.111913522991525,257.2456175033714,0.4541053390593274,1.5151650429449555,0.6533176149576233,2.5976886205085203,1.8125,6.903734411334642,0.028317614957623305,0.2817531177330719,0,4
17234,Mason Rudolph (PIT),2019,436.0,11.8,,,,,,,,,,,,,,,,,,,,,,,,,,,,,1,0
11425,Case Keenum (HOU),2019,325.0,10.8,6.933333333333334,13.466666666666667,21.35972222222222,33.63055555555556,4.8301388888888885,233.23055555555553,0.528611111111111,1.1638888888888888,0.8347222222222223,1.9638888888888888,2.097222222222222,7.1930555555555555,0.09722222222222222,0.09722222222222222,6.90160997674583,13.679898987322332,21.71763837359039,34.1621701735308,4.587655045445469,235.7757168617007,0.4989968563248579,1.1834905170904335,0.8234686151327204,1.9537296439377874,2.0436791375989545,7.206254118845099,0.10064780461581463,0.10064780461581463,0,4
9300,Joe Flacco (FA),2019,326.0,11.2,6.2,14.0,25.009259259259256,39.47453703703704,4.954166666666667,246.6712962962963,0.4928240740740741,1.236111111111111,0.8055555555555555,1.8425925925925926,1.662037037037037,4.0,0.0625,0.09953703703703703,6.221044115220269,14.046641932338654,24.90098233232541,39.58744238627283,5.283374434588811,248.11171056081696,0.5319765328203624,1.2477096648163677,0.7747431800565023,1.8133560664783257,1.754430501379447,4.167893218813452,0.04834119252118834,0.09281884902776527,0,4
13890,Marcus Mariota (PHI),2019,200.0,12.4,7.433333333333333,14.6,17.806349206349207,27.969841269841268,4.3782539682539685,208.14603174603175,0.5076190476190475,1.1285714285714286,0.7238095238095239,2.111111111111111,4.190476190476191,23.188888888888886,0.20317460317460315,0.18095238095238095,7.43981137949148,14.067962275898296,17.548847953391604,27.198872197633982,4.478322790988493,202.58619723451343,0.5123846728177509,1.0263240767134572,0.715205700997617,2.283287295276771,4.258903908183984,23.488285579977042,0.20172384667314122,0.16159809966746097,0,4
18214,Dwayne Haskins (FA),2019,226.0,9.3,,,,,,,,,,,,,,,,,,,,,,,,,,,,,1,0
18225,Drew Lock (SEA),2019,361.0,14.2,,,,,,,,,,,,,,,,,,,,,,,,,,,,,1,0
9213,Eli Manning (FA),2019,307.0,14.8,6.766666666666667,13.833333333333334,23.593055555555555,37.14722222222222,4.056388888888889,250.525,0.4313888888888889,1.4013888888888888,0.8513888888888889,2.1055555555555556,1.0166666666666666,0.8069444444444445,0.04305555555555555,0.27777777777777773,6.870239126847354,13.972515977796412,23.616750025942075,36.9736067293024,4.076649994811586,252.82616254313695,0.43753286697047605,1.3686100805141106,0.8156949597429448,2.290375824831891,0.978400974233027,0.9942435829393652,0.049676097692092684,0.27669810341808676,0,4
11176,Nick Foles (FA),2019,171.5,9.9,6.666666666666667,9.733333333333333,16.114285714285714,23.92063492063492,14.783492063492062,165.32698412698412,1.5657142857142858,1.0380952380952382,0.36190476190476195,1.2825396825396826,1.5682539682539682,0.8317460317460318,0.0,0.22857142857142856,6.659245517965919,10.486177083490759,18.104185010235945,26.44602783344471,14.079032008245514,183.57903134979352,1.4613614874032952,1.0896963811524916,0.4540018260338757,1.3464427567682766,1.6210518204971684,1.3757282260111718,0.0,0.2727690903050865,0,4
17235,Josh Rosen (FA),2019,299.0,3.8,5.8,8.1,15.5,28.071428571428573,3.942857142857143,162.71428571428572,0.41428571428571426,0.7857142857142857,1.0,3.2142857142857144,1.6428571428571428,9.857142857142858,0.0,0.35714285714285715,5.8,8.1,15.5,28.071428571428573,3.942857142857143,162.71428571428572,0.41428571428571426,0.7857142857142857,1.0,3.2142857142857144,1.6428571428571428,9.857142857142858,0.0,0.35714285714285715,0,1
11173,Robert Griffin III (FA),2019,405.0,2.6,4.75,6.800000000000001,9.033333333333333,15.7,11.469999999999999,92.1,1.1833333333333333,0.2,0.3,2.2,3.1,19.0,0.2,0.1,4.535533905932738,5.6847763108502365,7.597840277043124,13.349451609022806,11.406518036156092,77.49914831590078,1.1804737854124365,0.16568542494923805,0.24852813742385704,1.8225396744416187,2.5681240867131896,15.740115370177612,0.16568542494923805,0.08284271247461902,0,2
12091,AJ McCarron (FA),2019,447.0,6.0,2.466666666666667,0.3,0.9444444444444445,2.055555555555556,11.105555555555554,8.666666666666666,0.9722222222222223,0.0,0.0,0.27777777777777773,0.5,-0.3333333333333333,0.0,0.0,2.729093998949418,0.28833951691533666,0.9740878153674148,2.174716550395816,12.883433308328193,8.860626659662787,1.1135848273446938,0.0,0.0,0.3333333333333333,0.6796227589829593,-0.4530818393219729,0.0,0.0,0,4
9869,Cam Newton (FA),2019,90.0,8.9,6.933333333333334,18.633333333333333,19.68154761904762,32.797619047619044,4.023472222222222,227.6027777777778,0.46434523809523814,1.451984126984127,0.953968253968254,2.219642857142857,7.300595238095238,35.30515873015873,0.33134920634920634,0.06527777777777778,6.9718491035931835,18.994503195559282,20.260753952254564,32.79695902407963,4.179774664722674,228.98567162316365,0.4713803100855256,1.5041822625209675,0.9525342834996028,2.183050089078088,7.411184640124264,36.31279522603737,0.32510705936037804,0.05022903351836324,0,4
9039,Ben Roethlisberger (FA),2019,119.0,6.9,7.566666666666666,18.900000000000002,25.226190476190478,38.64821428571428,4.355833333333334,292.24940476190477,0.5057936507936508,2.021031746031746,0.953968253968254,1.3714285714285712,1.6490079365079364,3.4194444444444443,0.0863095238095238,0.1115079365079365,7.577345908033901,19.302943725152286,25.796145863026396,39.33287948953607,4.3105830241542336,297.83308380654404,0.49889954942114706,2.030099758707807,0.9624600230040317,1.4032362988522995,1.7347874884354495,4.005515874028132,0.10113433913436895,0.11035670117271404,0,4
10007,Tyrod Taylor (NYG),2019,440.0,0.8,6.3999999999999995,14.433333333333335,15.322222222222223,26.105555555555554,6.878888888888889,168.79444444444445,0.7688888888888888,0.8555555555555555,0.3888888888888889,3.038888888888889,5.311111111111111,32.794444444444444,0.3055555555555556,0.08888888888888889,6.246918160678027,13.554024941864578,14.437274097966519,25.183341232215067,7.864440051009673,159.01486734928056,0.8816252324157605,0.7823060535593425,0.4025912184632585,3.0893207586327653,5.041199064836234,32.03846183332155,0.2893207586327653,0.07292242142373695,0,4
18241,Will Grier (DAL),2019,441.0,2.7,,,,,,,,,,,,,,,,,,,,,,,,,,,,,1,0
18475,Trace McSorley (NE),2019,414.0,0.1,,,,,,,,,,,,,,,,,,,,,,,,,,,,,1,0
16477,Cooper Rush (DAL),2019,450.0,0.0,0.35,0.35,0.25,0.75,8.325,0.5,0.175,0.0,0.0,0.0,0.5,3.25,0.0,0.0,0.28994949366116657,0.28994949366116657,0.20710678118654754,0.6213203435596427,6.896655813512033,0.4142135623730951,0.14497474683058328,0.0,0.0,0.0,0.4142135623730951,2.6923881554251183,0.0,0.0,0,2
16417,Joshua Dobbs (CLE),2019,371.0,0.0,3.6,0.2,1.2,2.4,10.0,8.6,0.72,0.0,0.2,0.0,0.8,2.2,0.0,0.0,3.6,0.2,1.2,2.4,10.0,8.6,0.72,0.0,0.2,0.0,0.8,2.2,0.0,0.0,0,1
16419,C.J. Beathard (JAC),2019,376.0,0.0,6.9,12.6,17.285714285714285,30.083333333333336,8.954761904761904,206.47619047619048,1.073809523809524,0.9523809523809523,1.0119047619047619,2.857142857142857,3.4404761904761907,15.464285714285714,0.2976190476190476,0.39285714285714285,6.985786437626905,12.58284271247462,17.236693464213197,29.7544853224302,9.145534601770308,206.85201677436547,1.101179482480965,1.017742047715737,1.0384577068845182,2.8816532678934017,3.393497903204314,14.78412181595811,0.27515117109771536,0.4112399509200511,0,2
12302,Garrett Gilbert (FA),2019,431.0,-0.1,13.3,1.6,2.0,3.0,66.7,40.0,13.3,0.0,0.0,1.0,0.0,0.0,0.0,0.0,13.3,1.6,2.0,3.0,66.7,40.0,13.3,0.0,0.0,1.0,0.0,0.0,0.0,0.0,0,1
12090,Blake Bortles (FA),2019,368.0,-0.2,6.633333333333333,15.266666666666666,20.459935897435898,34.25,4.027403846153846,227.85897435897436,0.4467948717948718,1.25,0.8862179487179488,2.003205128205128,3.8830128205128207,23.54647435897436,0.12980769230769232,0.2900641025641026,6.68284271247462,14.852414965118745,19.98701323512871,33.367122758982966,4.1409758152990035,223.84603054909476,0.4614610588102967,1.1992295401695068,0.8702243689520782,2.0423912403421696,3.983996807253855,24.251747810555184,0.11737602674217834,0.28443337427801824,0,4
17298,Josh Allen (BUF),2020,81.0,25.4,6.6,17.950000000000003,15.510416666666668,27.739583333333336,4.0375,182.94791666666669,0.48020833333333335,1.0416666666666667,0.78125,2.354166666666667,7.114583333333334,42.22916666666667,0.6145833333333333,0.20833333333333331,6.617157287525382,18.06152236891498,15.75526545739346,27.92366673074107,3.975304832720494,184.68330481116095,0.4696637503750263,1.0774110156778771,0.7437184335382291,2.357741101567788,7.062754027267079,40.45267252080951,0.6056472460805308,0.21548220313557542,0,2
18600,Kyler Murray (ARI),2020,58.3,24.4,6.9,18.6,21.8125,33.875,4.025,232.625,0.43125,1.25,0.75,3.0,5.8125,34.0,0.25,0.125,6.9,18.6,21.8125,33.875,4.025,232.625,0.43125,1.25,0.75,3.0,5.8125,34.0,0.25,0.125,0,1
9001,Aaron Rodgers (NYJ),2020,90.0,24.2,7.133333333333333,18.533333333333335,22.4375,35.625,5.670535714285715,255.51190476190473,0.6333333333333333,1.8244047619047619,0.41071428571428575,2.818452380952381,2.9970238095238098,15.416666666666666,0.0625,0.19345238095238093,7.128150896406817,18.412603585627267,22.428789166228924,35.769189984809536,5.097046367020722,256.25329145412513,0.572938698334731,1.754655244355301,0.3474955460956117,2.712575186595083,2.9403358478359225,14.64620245574182,0.06836477008475339,0.20570418104418645,0,5
16413,Patrick Mahomes II (KC),2020,18.7,25.4,8.4,19.133333333333333,22.90773809523809,35.273809523809526,23.91071428571429,296.83035714285717,3.0809523809523807,1.6607142857142858,0.7023809523809524,1.6130952380952381,4.607142857142857,14.19047619047619,0.08928571428571429,0.08928571428571429,8.414880436576324,20.187281996848256,22.976723778223494,35.20629362013331,17.70370090953691,296.8530027614164,2.279801736554246,1.8426165797762022,0.6286387930387572,1.523865660865631,4.178809597929725,14.766953791913132,0.10477313217312621,0.10477313217312621,0,3
16398,Deshaun Watson (CLE),2020,60.7,23.5,8.1,22.333333333333332,20.587500000000002,31.235119047619047,5.8613293650793645,253.27559523809524,0.7394047619047619,2.024206349206349,0.8351190476190476,3.174206349206349,5.599007936507937,33.46646825396825,0.3549603174603175,0.1767857142857143,8.041421356237311,22.149861885830312,21.044287646275496,31.665657025917056,5.40047022407069,254.73433439070476,0.6684086972095432,1.9208516534144073,0.8015815777136482,3.1853986528891163,5.624249153914321,32.21348845954247,0.3762820565474087,0.18305008907808776,0,3
11180,Russell Wilson (DEN),2020,55.7,23.3,7.766666666666666,20.400000000000002,20.0,31.166666666666668,4.020833333333333,240.4375,0.4854166666666666,2.0833333333333335,0.4791666666666667,2.9583333333333335,4.9375,27.166666666666668,0.125,0.14583333333333334,7.850804988372915,20.331094621559103,20.06274415366491,30.991777473558745,4.053275935319921,241.8212231031109,0.4906753117733072,2.0600707326906953,0.43750000000000006,2.989276695296637,4.8104875290677125,25.510550661991257,0.12742926730930487,0.13915880747881168,0,5
11174,Ryan Tannehill (TEN),2020,158.0,21.9,8.4,16.1,16.375,24.37121212121212,5.847348484848485,204.20454545454544,0.7272727272727273,1.6893939393939394,0.6590909090909092,2.882575757575758,3.246212121212121,14.299242424242424,0.16666666666666666,0.3068181818181818,8.605887450304571,16.631875913286812,16.439339828220177,24.278926711037723,5.8492331868872585,208.37298644650735,0.7397507545639134,1.714090035074412,0.6317952243914394,2.8312338744505645,3.3040529768848077,14.490962114393461,0.19526214587563498,0.2970697229969426,0,4
9603,Tom Brady (FA),2020,92.0,21.9,7.366666666666667,17.7,23.604166666666668,36.75,4.01875,270.6041666666667,0.4604166666666667,1.7708333333333333,0.5625,1.7291666666666667,1.5416666666666667,2.0208333333333335,0.10416666666666667,0.125,7.2148804365763235,17.532037724101706,23.52245284487287,36.998404325444724,3.977991328951289,266.89210600292444,0.4509300272860202,1.7133883476483183,0.5600707326906951,1.6806289944491029,1.5507704598304934,2.0600707326906953,0.125,0.11084119252118836,0,5
18635,Justin Herbert (LAC),2020,300.0,22.9,,,,,,,,,,,,,,,,,,,,,,,,,,,,,1,0
17233,Lamar Jackson (BAL),2020,20.3,22.8,7.449999999999999,19.0,11.927083333333334,18.679166666666667,4.022083333333333,141.76458333333335,0.481875,1.3875,0.29375,1.2666666666666666,10.460416666666667,61.91875,0.38958333333333334,0.19166666666666665,7.510050506338834,20.561313164809675,12.91184014859218,20.061043199440064,4.088067401608027,153.20885155625257,0.48841621586905154,1.5612175361944824,0.3119796179957174,1.3124194334010162,10.678814639125163,65.08963120078448,0.4028087424674812,0.18165824894352778,0,2
11177,Kirk Cousins (MIN),2020,161.0,20.0,7.599999999999999,17.266666666666666,22.905555555555555,33.74166666666667,4.335555555555556,254.8791666666667,0.4862499999999999,1.7652777777777777,0.6124999999999999,2.3097222222222222,2.6263888888888887,7.691666666666666,0.12638888888888888,0.31666666666666665,7.666352299152466,17.178955884779732,22.69620163778583,33.191266486009106,4.401261114570054,252.84359318411657,0.4944385307741457,1.768336983659619,0.5655330085889911,2.227206975908229,2.5111881138573766,6.900270304178073,0.10686426343360984,0.30157544820340815,0,5
9444,Matt Ryan (FA),2020,76.7,18.3,7.699999999999999,18.433333333333334,24.983333333333334,37.37638888888889,4.264861111111111,287.1402777777778,0.4913888888888889,1.7236111111111112,0.7069444444444445,2.441666666666667,2.109722222222222,8.85,0.08472222222222221,0.27777777777777773,7.646918160678028,18.869848480983503,25.616087919135694,38.2709051830946,4.305312310998168,291.47397884285675,0.49171362432175336,1.7693432191257628,0.7329471160578699,2.630663522991525,2.140845401382758,8.967858690271031,0.09027618864549333,0.2936215900282511,0,5
12092,Derek Carr (NO),2020,165.5,17.6,7.333333333333333,14.366666666666667,22.63611111111111,33.65277777777778,4.295416666666667,246.50138888888887,0.4677777777777778,1.3222222222222222,0.6638888888888889,2.111111111111111,1.573611111111111,4.154166666666667,0.0625,0.27499999999999997,7.458578643762691,14.610050506338835,22.729823188120204,33.377879774272756,4.320125631329236,248.674213602067,0.4725798246255627,1.3073779033206054,0.6231121590028251,2.144467849060875,1.5925042088615693,4.25993261852101,0.07665880747881165,0.27042607175002253,0,5
9039,Ben Roethlisberger (FA),2020,126.0,18.5,6.966666666666666,15.200000000000001,23.25,36.862500000000004,12.239166666666668,259.8208333333333,1.2772222222222223,1.3305555555555555,0.8111111111111112,1.3,1.4347222222222225,4.252777777777777,0.0625,0.06388888888888888,6.739144505288252,13.892111927085747,22.416571318729602,36.034082269708456,15.110736793753615,246.4184887564549,1.55824316417895,1.1036780205283863,0.7583563523616146,1.2508049883729149,1.2701482074986776,4.257925253794037,0.06007073269069515,0.05514988310452919,0,5
9451,Matthew Stafford (LAR),2020,107.7,16.9,7.766666666666667,17.266666666666666,23.166666666666668,35.458333333333336,5.425,275.4375,0.6645833333333333,1.8333333333333333,0.6458333333333334,2.5625,1.9583333333333333,6.270833333333333,0.0,0.3541666666666667,7.864742322406637,17.83081839321973,23.19235853461861,35.59366367864394,5.895437411859931,280.1105500665831,0.7350778837859752,1.9071699141100895,0.645023577563565,2.4858411925211885,2.0438994542795963,6.547162314342937,0.0,0.3491116523516816,0,5
9869,Cam Newton (FA),2020,174.7,18.0,6.766666666666667,15.933333333333332,22.014880952380953,36.297619047619044,12.214583333333335,244.95833333333334,1.3776785714285715,1.0297619047619049,0.8095238095238096,2.419642857142857,6.133928571428572,26.99404761904762,0.22023809523809523,0.3541666666666667,6.724264068711929,14.740363836170228,22.7701673254873,37.90668088076214,15.122214825877855,254.02526928775268,1.7094913341756865,0.8607118919916404,0.7505749916949394,2.5184423504024824,5.41207179091126,21.39009425801029,0.17648919944916724,0.46724064680078453,0,5
17237,Baker Mayfield (TB),2020,140.3,16.0,7.45,16.35,20.97767857142857,34.04464285714286,4.134821428571429,252.62946428571428,0.5,1.6517857142857144,1.15625,2.142857142857143,2.267857142857143,9.084821428571429,0.09375,0.16964285714285715,7.407106781186548,16.221320343559643,20.777765533744443,33.92975030674968,4.062362526790133,250.3231878241553,0.4914213562373096,1.6042967934565349,1.1830582617584078,2.2041331697335034,2.17900690388642,9.038098458078204,0.10983495705504469,0.16198335378331208,0,2
15501,Jared Goff (DET),2020,146.0,16.9,7.933333333333334,17.633333333333333,22.369444444444444,35.329166666666666,4.0424999999999995,278.825,0.5069444444444445,1.7472222222222225,0.7388888888888889,1.701388888888889,2.2055555555555557,4.216666666666667,0.10555555555555556,0.27499999999999997,7.856301792813634,17.542364458779907,22.91613000775139,36.16405522185155,4.018587572106361,282.65840701747595,0.4985702260395516,1.6866183944689688,0.799083865926547,1.6613337881003365,2.2183715122020407,4.065490102017311,0.11178511301977578,0.28701414653813906,0,4
12088,Teddy Bridgewater (DET),2020,161.0,16.8,4.066666666666666,2.8000000000000003,5.366666666666667,8.733333333333334,6.323333333333333,54.0,0.5766666666666667,0.3666666666666667,0.4666666666666666,0.5333333333333333,2.6666666666666665,0.3666666666666667,0.0,0.0,4.850804988372915,4.141145127897936,6.9230447378299536,10.80722119871103,6.978620484583752,70.2674294501632,0.6484728917559822,0.47184910359318377,0.3812327357287892,0.6718491035931837,2.6530818393219726,1.0453081839321974,0.0,0.0,0,4
9509,Philip Rivers (FA),2020,164.3,15.7,8.066666666666666,16.900000000000002,22.854166666666668,34.875,4.102083333333333,279.9583333333333,0.5041666666666667,1.7291666666666667,0.875,1.75,1.0,0.7083333333333334,0.0,0.10416666666666667,8.046918160678027,16.78056586152556,23.089221940402357,35.04900214256311,4.122914282968241,280.8743809401044,0.5029323850423767,1.6885062354661438,0.948223304703363,1.8584119252118836,0.9550943102542603,0.9330582617584078,0.0,0.11913522991524662,0,5
9200,Drew Brees (FA),2020,79.3,18.0,8.066666666666666,19.166666666666668,24.645707070707072,33.48787878787879,5.404848484848485,269.27550505050505,0.5903661616161616,2.008459595959596,0.398989898989899,1.158080808080808,1.6491161616161616,0.6176767676767677,0.16085858585858584,0.022222222222222223,8.04142135623731,19.643031332983142,24.813968933938554,33.60295843522637,5.668867132248286,269.3301346291858,0.6152210381504403,2.121233988760531,0.38481990598355753,1.1405414535043648,1.5000569346509496,0.4750352774233487,0.1549408040156802,0.021358482734469383,0,5
15520,Carson Wentz (FA),2020,99.0,17.8,7.3,18.966666666666665,23.33275058275058,36.07939976689977,4.983930652680653,261.810168997669,0.565224358974359,2.0450174825174825,0.5374417249417249,2.4281759906759905,3.9629953379953378,15.547348484848484,0.020833333333333332,0.40457459207459207,7.2016099767458295,18.542088230440537,23.73111596006541,36.535537793829846,4.885668495594392,261.3425593225937,0.5446887733478045,1.9512702936082085,0.5240833029302628,2.4385673575261273,3.8612274278682146,14.800265533685586,0.028317614957623305,0.4252532008442144,0,4
18225,Drew Lock (SEA),2020,163.7,15.1,6.5,14.2,20.0,31.2,12.819999999999999,204.0,1.3,1.4,0.6,1.0,3.6,14.4,0.0,0.2,6.5,14.2,20.0,31.2,12.819999999999999,204.0,1.3,1.4,0.6,1.0,3.6,14.4,0.0,0.2,0,1
18232,Daniel Jones (NYG),2020,132.3,13.6,6.6,17.5,21.846153846153847,35.30769230769231,4.7615384615384615,232.84615384615384,0.5076923076923077,1.8461538461538463,0.9230769230769231,2.923076923076923,3.4615384615384617,21.46153846153846,0.15384615384615385,0.8461538461538461,6.6,17.5,21.846153846153847,35.30769230769231,4.7615384615384615,232.84615384615384,0.5076923076923077,1.8461538461538463,0.9230769230769231,2.923076923076923,3.4615384615384617,21.46153846153846,0.15384615384615385,0.8461538461538461,0,1
19196,Joe Burrow (CIN),2020,137.0,17.9,,,,,,,,,,,,,,,,,,,,,,,,,,,,,1,0
18562,Gardner Minshew II (IND),2020,167.0,18.3,7.0,16.8,20.357142857142858,33.57142857142857,4.328571428571428,233.64285714285714,0.5,1.5,0.42857142857142855,2.357142857142857,4.785714285714286,24.571428571428573,0.0,0.5,7.0,16.8,20.357142857142858,33.57142857142857,4.328571428571428,233.64285714285714,0.5,1.5,0.42857142857142855,2.357142857142857,4.785714285714286,24.571428571428573,0.0,0.5,0,1
16381,Mitch Trubisky (PIT),2020,323.0,16.2,6.7,14.733333333333334,19.56984126984127,30.96666666666667,4.64015873015873,207.38809523809525,0.495079365079365,1.1436507936507938,0.7023809523809524,2.276984126984127,3.8246031746031743,21.201587301587303,0.1714285714285714,0.1992063492063492,6.629760873152646,14.994112549695428,20.16064861386447,31.747585034881254,4.55444267236048,209.9404915540536,0.4781930431039616,1.1948597484915955,0.7088124930791161,2.2822561628643308,3.7799947224690715,20.145699991425072,0.16681999778531711,0.18569840775706603,0,3
9545,Ryan Fitzpatrick (FA),2020,233.0,16.1,7.8,16.666666666666668,19.07777777777778,30.461111111111112,7.429166666666667,238.28333333333333,0.9333333333333332,1.5416666666666667,0.9555555555555556,1.861111111111111,3.533333333333333,16.066666666666666,0.1722222222222222,0.0861111111111111,7.787672642712109,17.120653469356416,19.586284957367354,31.169100701372827,6.767760210849081,242.99239549295064,0.8526372565198206,1.5492084958616597,0.9865072487684309,2.033176149576233,3.639144505288252,16.37212533193256,0.20091613407345293,0.10045806703672647,0,5
17236,Sam Darnold (SF),2020,170.0,12.1,6.9,14.25,19.692307692307693,32.88461538461539,4.6,226.5,0.5307692307692308,1.3846153846153846,1.0769230769230769,2.423076923076923,2.9615384615384617,7.692307692307692,0.11538461538461539,0.19230769230769232,6.9,14.464466094067264,19.916672221485754,33.06278721660973,4.627715618310232,227.5492341217445,0.5307692307692308,1.3978132980964468,1.0637251634420146,2.4428737932985167,2.888949937392619,7.190786980027326,0.12198357212514654,0.19890664904822347,0,2
19198,Tua Tagovailoa (MIA),2020,225.5,14.0,,,,,,,,,,,,,,,,,,,,,,,,,,,,,1,0
15600,Dak Prescott (DAL),2020,50.7,27.8,7.466666666666666,18.666666666666668,21.916666666666668,33.583333333333336,4.077083333333333,252.3125,0.4666666666666666,1.5416666666666667,0.6666666666666666,2.3125,3.8333333333333335,19.5625,0.3125,0.22916666666666666,7.626540919660986,19.30455370189812,22.476540919660987,34.34751597779641,4.089661925211883,263.66842341628956,0.4766588074788116,1.6015409196609864,0.6557468822669282,2.2257073269069516,3.7813363213560547,19.005864770084756,0.2900471551271301,0.2192531177330718,0,4
19275,Jalen Hurts (PHI),2020,228.0,7.5,,,,,,,,,,,,,,,,,,,,,,,,,,,,,1,0
11176,Nick Foles (FA),2020,311.0,12.5,6.266666666666667,9.933333333333334,18.53095238095238,27.55952380952381,12.989047619047618,181.1047619047619,1.2573809523809523,0.9547619047619048,0.5285714285714286,1.5047619047619047,1.4571428571428573,3.192857142857143,0.0,0.3952380952380952,6.36179859725435,10.410602963017581,19.601153949439414,29.0160180406551,13.911123714649952,191.28459158350867,1.3464709631685354,0.9501544595303272,0.5475686895206152,1.6446576550896093,1.385753746905625,3.7915921611282766,0.0,0.41941779311379884,0,5
18214,Dwayne Haskins (FA),2020,282.0,10.7,6.7,9.3,13.222222222222221,22.555555555555557,6.511111111111111,151.66666666666666,0.7444444444444445,0.7777777777777778,0.7777777777777778,3.2222222222222223,2.2222222222222223,11.222222222222221,0.0,0.2222222222222222,6.7,9.3,13.222222222222221,22.555555555555557,6.511111111111111,151.66666666666666,0.7444444444444445,0.7777777777777778,0.7777777777777778,3.2222222222222223,2.2222222222222223,11.222222222222221,0.0,0.2222222222222222,0,1
12208,Jimmy Garoppolo (LV),2020,140.5,11.6,8.433333333333334,15.633333333333335,19.409722222222225,29.694444444444446,11.80625,249.31944444444446,1.5638888888888889,1.5069444444444446,0.8819444444444445,2.638888888888889,2.6805555555555554,5.5694444444444455,0.07638888888888888,0.10416666666666667,8.394503195559283,15.818767264271212,19.507311638912185,29.704423486610164,10.866384712635393,248.2250644300271,1.4351465318928258,1.5628354118220478,0.8772903351836324,2.7097900757629305,2.7233018965819134,5.695166797938568,0.06607443490112104,0.14158807478811652,0,5
17869,Kyle Allen (BUF),2020,369.0,11.5,7.699999999999999,13.55,15.821428571428571,25.214285714285715,18.339285714285715,185.14285714285714,2.392857142857143,1.1071428571428572,0.5714285714285714,1.6428571428571428,2.392857142857143,8.535714285714285,0.3214285714285714,0.25,7.545584412271571,13.592893218813455,16.820227809513252,26.88099364532273,15.952584467451468,194.08915706680583,2.065643159337377,1.1255256652057655,0.6694702144307485,1.924726866488402,2.3744743347942348,8.370269013148112,0.2907905579903911,0.2928932188134525,0,2
13890,Marcus Mariota (PHI),2020,332.0,26.8,7.3999999999999995,12.966666666666667,16.196825396825396,25.566666666666666,5.846825396825397,189.2984126984127,0.6958730158730159,0.8841269841269841,0.6190476190476191,2.7904761904761908,4.0,21.576190476190476,0.15873015873015872,0.06984126984126983,7.44142135623731,12.794503195559281,15.610406591867727,24.77232544230978,6.3578058787076355,184.52834330150716,0.7665932701794694,0.9011422781129789,0.5390655829055734,2.9870548045908007,3.9241688009686095,21.231321813816557,0.12128181717514416,0.060870905265547774,0,5
17234,Mason Rudolph (PIT),2020,335.0,3.9,6.2,11.8,17.6,28.3,6.220000000000001,176.5,0.62,1.3,0.9,1.5,2.1,4.2,0.0,0.0,6.2,11.8,17.6,28.3,6.220000000000001,176.5,0.62,1.3,0.9,1.5,2.1,4.2,0.0,0.0,0,1
18604,Jarrett Stidham (DEN),2020,297.0,3.2,3.5,-0.2,0.6666666666666666,1.3333333333333333,16.666666666666668,4.666666666666667,1.1666666666666667,0.0,0.3333333333333333,0.3333333333333333,0.6666666666666666,-0.6666666666666666,0.0,0.0,3.5,-0.2,0.6666666666666666,1.3333333333333333,16.666666666666668,4.666666666666667,1.1666666666666667,0.0,0.3333333333333333,0.3333333333333333,0.6666666666666666,-0.6666666666666666,0.0,0.0,0,1
10007,Tyrod Taylor (NYG),2020,242.0,4.5,5.933333333333334,8.666666666666666,9.511111111111111,16.666666666666668,8.286944444444444,102.99166666666667,0.8447222222222223,0.5194444444444445,0.25555555555555554,2.1055555555555556,3.6166666666666667,20.197222222222223,0.1722222222222222,0.044444444444444446,5.803886827694887,7.047194389017402,7.562519408395875,13.490973501611215,8.679659533292586,82.02610694620826,0.8612101794062872,0.4282620421073543,0.22059953241811675,1.7359515202657407,3.116490413322153,16.857100237538663,0.14050522216385658,0.03020545595479819,0,5
13891,Jameis Winston (NO),2020,345.0,0.6,8.0,18.099999999999998,22.541375291375292,35.82954545454546,4.858056526806526,286.9503205128205,0.6127913752913753,1.7504370629370627,1.3312937062937065,2.643502331002331,3.5601689976689976,17.18502331002331,0.07677738927738928,0.3745629370629371,8.035924551796592,18.728817770610043,22.781438727913873,36.4385452414404,4.712160517607392,292.87879533606304,0.5999607263657265,1.818958431646011,1.4489697714145786,2.6923738151336054,3.672939676659166,17.61612630676117,0.07486904327575183,0.3509472580997287,0,5
17298,Josh Allen (BUF),2021,31.3,24.6,7.033333333333334,20.433333333333334,18.59027777777778,30.409722222222225,4.133333333333333,216.63194444444446,0.4847222222222222,1.465277777777778,0.7291666666666666,2.111111111111111,6.868055555555556,36.923611111111114,0.5763888888888888,0.2638888888888889,7.19839002325417,21.386453311830135,19.830616328170514,31.46963620352366,4.133745362313498,229.6818957426999,0.4805767926574776,1.6370074044208518,0.6899292673093049,2.0257494155226463,6.751145167591816,34.04601714675112,0.5577803975070628,0.2877568199434978,0,3
18635,Justin Herbert (LAC),2021,62.5,23.3,7.3,22.9,26.4,39.666666666666664,4.4399999999999995,289.06666666666666,0.48666666666666664,2.066666666666667,0.6666666666666666,2.1333333333333333,3.6666666666666665,15.6,0.3333333333333333,0.06666666666666667,7.3,22.9,26.4,39.666666666666664,4.4399999999999995,289.06666666666666,0.48666666666666664,2.066666666666667,0.6666666666666666,2.1333333333333333,3.6666666666666665,15.6,0.3333333333333333,0.06666666666666667,0,1
9603,Tom Brady (FA),2021,73.8,22.7,7.266666666666666,18.833333333333332,23.9375,37.354166666666664,4.0062500000000005,271.7708333333333,0.4541666666666666,1.9375,0.6458333333333334,1.4375,1.6458333333333333,1.5625,0.16666666666666666,0.08333333333333333,7.27962275898296,19.35602556447426,24.133710833771076,37.61871843353823,4.009550350686412,274.09277084427686,0.454976422436435,2.023875876716031,0.6557468822669281,1.4326414653813904,1.6957940373940583,1.3462655886653592,0.17334119252118835,0.07665880747881164,0,6
16413,Patrick Mahomes II (KC),2021,18.3,22.0,8.4,24.133333333333336,24.241071428571427,36.673809523809524,4.417380952380952,307.4970238095238,0.560952380952381,2.50515873015873,0.5023809523809524,1.43531746031746,3.651587301587302,17.701587301587303,0.13373015873015873,0.13373015873015873,8.322654091966099,24.116881059186007,24.50297536421587,37.048815342864074,4.445164465049189,307.58706426951005,0.5591996347932249,2.450734004968847,0.46555886869490065,1.421678532403927,3.7062825296213835,18.14320739272282,0.13449670415536835,0.13449670415536835,0,4
9451,Matthew Stafford (LAR),2021,91.3,20.4,7.7,17.2,22.5,34.6875,5.39375,267.8958333333333,0.6604166666666667,1.7708333333333333,0.6458333333333334,2.375,1.9583333333333333,6.5625,0.0,0.22916666666666666,7.7844526892204495,17.526150273797132,22.284771824131504,34.46356099036043,5.328920129303331,269.2047959971033,0.6587310601229375,1.7944888933687222,0.6391588074788117,2.3632704598304937,1.976124123283969,6.8199604446400235,0.0,0.20509431025426017,0,6
9001,Aaron Rodgers (NYJ),2021,59.3,21.1,7.533333333333334,20.433333333333334,22.854166666666668,35.25,4.0625,265.3125,0.4708333333333334,2.0625,0.22916666666666666,2.1875,2.6458333333333335,12.520833333333334,0.125,0.1875,7.634314575050762,21.020767886880897,22.86955202629227,34.74128916622893,4.125610892374967,264.60501831258273,0.47714466094067265,2.2338287215889014,0.25,1.9809826579025789,2.605982657902579,11.692358534618611,0.13329403739405823,0.17920596260594174,0,6
15600,Dak Prescott (DAL),2021,57.3,20.7,8.0,22.5,25.566666666666666,38.175000000000004,7.3,306.79583333333335,0.8850000000000001,1.6833333333333333,0.6625,2.3125,3.845833333333333,18.325,0.3875,0.3666666666666667,8.109383632135605,23.63498144925399,26.492755104643766,39.49841862763529,8.423999180482465,321.3465230280955,1.030146001425354,1.7277484022203589,0.695995284487287,2.1595991814193938,3.7342312157753588,18.292289477533767,0.4168726811567488,0.3968491035931837,0,5
19196,Joe Burrow (CIN),2021,114.5,20.5,6.7,17.9,26.4,40.4,6.529999999999999,268.8,0.67,1.3,0.5,3.2,3.7,14.2,0.3,0.4,6.7,17.9,26.4,40.4,6.529999999999999,268.8,0.67,1.3,0.5,3.2,3.7,14.2,0.3,0.4,0,1
19275,Jalen Hurts (PHI),2021,94.5,21.4,7.2,7.5,5.133333333333334,9.866666666666667,3.466666666666667,70.73333333333333,0.48000000000000004,0.4,0.26666666666666666,0.8666666666666667,4.2,23.6,0.2,0.13333333333333333,7.2,7.5,5.133333333333334,9.866666666666667,3.466666666666667,70.73333333333333,0.48000000000000004,0.4,0.26666666666666666,0.8666666666666667,4.2,23.6,0.2,0.13333333333333333,0,1
18600,Kyler Murray (ARI),2021,40.3,22.2,7.0,21.5,22.625,34.375,4.112500000000001,240.40625,0.4375,1.4375,0.75,2.34375,7.0625,42.59375,0.46875,0.1875,7.0171572875253805,21.99756133823605,22.764402961143723,34.46078643762691,4.127512626584709,241.74130143556874,0.4385723304703363,1.4696699141100895,0.75,2.2311553006146876,7.276966094067263,44.068204396712424,0.5062815664617709,0.19822330470336313,0,2
11177,Kirk Cousins (MIN),2021,167.3,19.2,7.833333333333333,18.133333333333333,22.947222222222223,33.24166666666667,4.404305555555555,258.46250000000003,0.5008333333333334,1.9319444444444445,0.6124999999999999,2.2680555555555557,2.272222222222222,7.2124999999999995,0.06388888888888888,0.31666666666666665,7.964075448203409,18.421710989423495,22.457394998187585,32.6752929843979,4.382674332351867,258.583795630489,0.5085674473970381,1.9712012989773693,0.6378679656440357,2.2687767990649177,2.1912641724802095,7.50466566555464,0.06383490517090434,0.3047751753432062,0,6
11174,Ryan Tannehill (TEN),2021,96.5,16.6,8.233333333333333,18.03333333333333,17.479166666666668,26.268308080808083,5.262815656565657,215.69886363636363,0.6494318181818182,1.8137626262626263,0.5852272727272728,2.4217171717171717,3.0599747474747474,15.074494949494948,0.2569444444444444,0.22537878787878787,8.286062665966279,19.01876726427121,17.911022213262555,26.899358734654186,5.053855635673581,222.10794200547468,0.6282922802115024,1.8719482628210011,0.5437635867526905,2.2280759820467866,3.024704020078401,15.457855924786845,0.30501571837571,0.1907904414522422,0,5
12092,Derek Carr (NO),2021,187.7,15.9,7.7,15.633333333333335,22.708333333333332,32.979166666666664,4.304166666666667,254.29166666666666,0.48125,1.3958333333333333,0.5625,2.2083333333333335,1.875,5.604166666666667,0.125,0.375,7.764075448203409,16.094503195559287,22.477547155127127,32.742122758982966,4.290977182413151,254.6917690955295,0.48525471551271304,1.4540880747881166,0.5566352299152466,2.0390409196609864,1.9848349570550448,6.271863405783744,0.13915880747881165,0.38572330470336313,0,6
15520,Carson Wentz (FA),2021,253.7,15.6,6.8,17.666666666666668,23.51010101010101,36.93623737373738,5.034785353535353,250.07512626262624,0.5395833333333334,1.6433080808080807,0.774621212121212,3.0991161616161613,3.7664141414141414,15.547348484848484,0.15972222222222224,0.43876262626262624,6.609383632135606,17.7,22.99201140824619,36.91248814948845,4.8801342536508185,243.10598776191895,0.5192775330995628,1.5772329235741032,0.8506797455180491,3.267146867889574,3.9050338340459647,17.201912154940022,0.20880767728105373,0.4147600970794843,0,5
17233,Lamar Jackson (BAL),2021,44.5,21.1,7.3999999999999995,20.266666666666666,13.329166666666666,20.808333333333334,4.1125,155.77638888888887,0.48347222222222225,1.5027777777777775,0.3958333333333333,1.488888888888889,10.506944444444445,63.612500000000004,0.4152777777777778,0.21666666666666667,7.414880436576324,21.575621513763593,14.371440206097901,22.329000286924323,4.181069667504268,167.06914536011718,0.4876235268984507,1.6392000781385205,0.442476422436435,1.5937442452429298,10.643105157464834,65.95518461011636,0.4317416082189313,0.22017401920337815,0,3
11180,Russell Wilson (DEN),2021,58.8,17.8,7.866666666666667,20.933333333333334,20.9375,31.270833333333332,4.177083333333333,245.20833333333334,0.4916666666666667,2.2083333333333335,0.5208333333333334,3.0416666666666665,4.6875,25.645833333333332,0.10416666666666667,0.16666666666666666,7.7961131723051125,21.456968667016863,21.666470186970294,32.17920596260594,4.200628156646177,250.39026617470427,0.48725707326906953,2.2489937645338567,0.5673585346186097,3.014158807478812,4.800770459830494,26.698711612033183,0.11670596260594175,0.1816352299152466,0,6
12208,Jimmy Garoppolo (LV),2021,301.0,16.0,8.1,14.633333333333333,17.96527777777778,27.583333333333332,11.789583333333333,223.54166666666666,1.5083333333333335,1.5069444444444446,0.8819444444444445,2.8055555555555554,2.4027777777777777,6.347222222222222,0.020833333333333332,0.10416666666666667,8.060188620508521,14.102553079288434,17.688262081801234,26.823846454378927,10.951207383324672,216.63553430287158,1.3688649257371748,1.4468002728602019,0.8644156274223094,2.5331761495762333,2.280330085889911,5.6212529223867715,0.020023577563565046,0.10011788781782524,0,6
20156,Mac Jones (NE),2021,164.5,14.0,,,,,,,,,,,,,,,,,,,,,,,,,,,,,1,0
13932,Taylor Heinicke (ATL),2021,443.0,14.8,4.266666666666667,4.666666666666667,5.944444444444444,9.5,24.477777777777778,63.44444444444445,2.711111111111111,0.3888888888888889,0.16666666666666666,0.4444444444444444,1.277777777777778,9.055555555555555,0.0,0.0,4.530818393219729,5.822101635287351,6.758470769886094,10.760693683896855,30.953040989679444,74.15439436902955,3.473627434801792,0.49083865926547054,0.11327045983049322,0.5285954792089683,1.5480296176834072,11.138261883331833,0.0,0.0,0,4
9444,Matt Ryan (FA),2021,145.3,13.8,7.566666666666666,19.766666666666666,26.337500000000002,39.39722222222222,4.271111111111111,297.2652777777778,0.48305555555555557,1.8486111111111112,0.6861111111111112,2.795833333333333,2.047222222222222,7.7875000000000005,0.12638888888888888,0.27777777777777773,7.481232735728788,19.34369820718637,26.21454699947471,39.492207275022814,4.237197768296917,294.8279460386812,0.47732185373065095,1.7871368017528177,0.7096241751681092,2.780899298627175,2.0146398935438192,7.5147684729198,0.12047013508615094,0.26253929593927505,0,6
9039,Ben Roethlisberger (FA),2021,173.0,14.3,6.533333333333334,15.566666666666668,24.116666666666664,37.90694444444444,12.270277777777778,249.86527777777778,1.2483333333333333,1.4416666666666667,0.7222222222222222,1.1222222222222222,1.3680555555555556,3.4527777777777775,0.0625,0.06388888888888888,6.4022768509490575,15.41793857925309,24.05835962418556,37.85380674024343,11.980775070446542,243.71807835341312,1.2109764462527632,1.4781795007879366,0.6887840997174887,1.0528595479208969,1.3542480512216366,2.8411434919859646,0.042476422436434964,0.05852307091242149,0,6
19780,Trevor Lawrence (JAC),2021,132.5,12.7,,,,,,,,,,,,,,,,,,,,,,,,,,,,,1,0
12088,Teddy Bridgewater (DET),2021,212.0,15.0,6.599999999999999,9.166666666666666,12.922222222222222,19.0,7.858888888888889,136.95555555555555,0.7455555555555554,0.7000000000000001,0.37777777777777777,1.222222222222222,2.8444444444444446,7.566666666666667,0.1111111111111111,0.06666666666666667,6.873459080339013,10.908440529593005,15.16518690520879,22.182566484135243,7.021826874453077,162.44354294001937,0.6881010444327713,0.7867295401695069,0.44164364763838554,1.4114381916835874,2.9963354637061883,9.647032578202507,0.15102727977399094,0.09061636786439457,0,5
15501,Jared Goff (DET),2021,260.0,14.5,7.666666666666667,17.599999999999998,24.01388888888889,36.99583333333333,4.1513888888888895,282.1138888888889,0.4891666666666667,1.5694444444444444,0.8722222222222222,1.6569444444444443,2.716666666666667,5.283333333333333,0.1722222222222222,0.2972222222222222,7.535924551796593,17.338201402745653,24.219114185607403,37.15126223745365,4.202155183094596,278.61780413384616,0.4845877396669463,1.4977096648163675,0.882953858175157,1.6024848401595742,2.810085034881255,5.320434449779281,0.18918659390394615,0.29173374903107624,0,5
17237,Baker Mayfield (TB),2021,140.5,13.8,7.3999999999999995,16.233333333333334,20.33928571428571,32.82142857142858,4.064880952380952,242.64880952380952,0.48541666666666666,1.642857142857143,0.9375,1.9702380952380951,2.636904761904762,9.494047619047619,0.08333333333333333,0.19642857142857142,7.358578643762691,16.121044115220272,20.000609870789926,32.31915749943719,4.000126060498146,237.80195955385912,0.475485853461861,1.6136770403571108,0.8735769681568388,1.9417384479782833,2.720889655689942,9.615506652726891,0.08838834764831845,0.2018620977421204,0,3
19198,Tua Tagovailoa (MIA),2021,169.8,14.7,6.3,14.0,18.6,29.0,6.409999999999999,181.4,0.63,1.1,0.5,2.0,3.6,10.9,0.3,0.1,6.3,14.0,18.6,29.0,6.409999999999999,181.4,0.63,1.1,0.5,2.0,3.6,10.9,0.3,0.1,0,1
18232,Daniel Jones (NYG),2021,220.7,15.8,6.6,15.55,20.923076923076923,33.65384615384615,4.612912087912088,221.5302197802198,0.48956043956043954,1.315934065934066,0.8186813186813187,3.0686813186813184,4.052197802197803,25.837912087912088,0.11263736263736264,0.6373626373626373,6.6,15.215432893255072,20.764701961304176,33.370091014003314,4.587411833650465,219.58871243634493,0.486449502811332,1.2249627337253153,0.8007698646713056,3.0936630834847585,4.153538923570245,26.588779094173958,0.10556705184393643,0.6015397293426111,0,2
17236,Sam Darnold (SF),2021,215.0,14.2,6.633333333333333,13.533333333333333,19.155982905982906,32.034188034188034,4.722222222222222,212.33333333333334,0.5232905982905983,1.1730769230769231,1.0235042735042734,2.5876068376068377,3.0021367521367517,11.155982905982905,0.13247863247863248,0.18376068376068377,6.537534528542422,13.393169447152825,19.086019665941155,31.82612123083036,4.781288182739676,207.81786702480127,0.5206039330921353,1.1043008574576754,0.9970956292351155,2.6575407398218007,2.977021523959089,12.126001916683059,0.14222867078661608,0.1842992985310797,0,3
22799,Davis Mills (HOU),2021,447.0,12.8,,,,,,,,,,,,,,,,,,,,,,,,,,,,,1,0
22679,Zach Wilson (NYJ),2021,189.8,12.5,,,,,,,,,,,,,,,,,,,,,,,,,,,,,1,0
19781,Justin Fields (CHI),2021,147.3,11.4,,,,,,,,,,,,,,,,,,,,,,,,,,,,,1,0
13891,Jameis Winston (NO),2021,173.0,17.2,7.633333333333333,13.133333333333333,15.893939393939396,25.412878787878793,8.52215909090909,203.35416666666666,0.9768939393939394,1.263257575757576,1.049242424242424,1.9640151515151516,3.380681818181818,13.22348484848485,0.05113636363636364,0.19507575757575757,7.497723149050942,11.032199534916598,13.426942183630052,21.565504397641043,9.749845440609558,172.4148724073291,1.0971300324432958,1.0520760117393506,0.8890321337482068,1.7237040497709648,3.0966915788386773,10.113362397793503,0.04061820662365472,0.16190177499809424,0,6
9907,Andy Dalton (CAR),2021,252.0,11.6,6.7,15.233333333333333,21.445221445221446,34.68997668997669,5.368065268065268,233.10489510489512,0.5783216783216784,1.470862470862471,0.9347319347319347,2.312354312354312,2.1538461538461537,8.326340326340327,0.10256410256410257,0.1328671328671329,6.6453081839321975,14.887672642712108,21.2896085122583,34.24530742687534,5.414332378551031,228.33405291309782,0.5745456420258296,1.4034472744269058,0.9010766287946189,2.332872321886996,2.27143419329148,8.533485132975784,0.09857761262062792,0.1397668707408073,0,6
9869,Cam Newton (FA),2021,201.5,11.4,6.933333333333334,15.700000000000001,21.33015873015873,34.22539682539683,12.445555555555558,235.2111111111111,1.3980952380952383,0.7492063492063492,0.6984126984126985,2.3793650793650793,6.282539682539682,24.441269841269843,0.36190476190476195,0.35555555555555557,6.943698207186369,15.5829571299991,20.497229530166873,32.9938788137901,12.08884293476035,226.81996042056164,1.3591932128118704,0.6299995099143623,0.6726026054559897,2.366764191233338,6.5734214887613565,25.457821883835013,0.42719144850357443,0.3505826969718389,0,6
10007,Tyrod Taylor (NYG),2021,278.0,14.5,6.0,5.233333333333333,6.333333333333333,12.333333333333334,15.779166666666667,75.45833333333333,1.8458333333333332,0.20833333333333334,0.16666666666666666,1.4166666666666667,2.75,11.875,0.08333333333333333,0.0,6.156968667016861,4.651195634236769,6.16352299152466,11.850505063388335,17.543556622723337,75.23053115859211,2.100548986385403,0.1533176149576233,0.11327045983049322,1.1893398282201788,2.665880747881165,8.945520262922642,0.05663522991524661,0.0,0,6
15642,Jacoby Brissett (WAS),2021,461.0,6.9,3.0666666666666664,5.533333333333334,6.271717171717172,10.50909090909091,6.277575757575757,66.05959595959595,0.25196969696969695,0.39999999999999997,0.13333333333333333,0.6606060606060606,2.342929292929293,5.059090909090909,0.17979797979797976,0.1111111111111111,3.1792321131191055,5.589168201933459,6.005156279846523,10.103296766930233,5.162224547296,63.65014405268246,0.2557810430574979,0.3844526892204489,0.1281508964068163,0.6590575500710321,2.292739030580061,5.2558833583357,0.20900170529841558,0.1067924136723469,0,5
20082,Trey Lance (SF),2021,151.5,11.2,,,,,,,,,,,,,,,,,,,,,,,,,,,,,1,0
18225,Drew Lock (SEA),2021,283.0,8.9,6.55,14.649999999999999,19.76923076923077,32.63846153846154,8.613846153846152,214.80769230769232,0.9038461538461539,1.3153846153846154,0.8769230769230769,1.2307692307692308,3.4923076923076923,13.353846153846154,0.11538461538461539,0.2153846153846154,6.55857864376269,14.727207793864215,19.729637028787586,32.885262520557404,7.892184244701666,216.66199915178157,0.835876899418683,1.300866910555447,0.9244355654549012,1.2703629712124178,3.4738306134342056,13.174354530503708,0.13518148560620885,0.21802419808082785,0,2
11685,Mike Glennon (FA),2021,455.0,6.8,6.633333333333333,6.666666666666667,10.566666666666666,16.544444444444444,22.700000000000003,106.68888888888888,2.4055555555555554,0.7444444444444445,0.3333333333333333,0.7666666666666666,0.6222222222222222,1.1333333333333333,0.0,0.24444444444444446,6.3928932188134535,7.629875290677127,12.398228212439276,19.666933640890452,20.113270459830495,122.83018152678822,2.0818805403446037,0.8543774485536021,0.4530818393219729,0.9288177706100442,0.7572830345310612,1.5404782536947077,0.0,0.28802514940113605,0,5
18562,Gardner Minshew II (IND),2021,463.0,11.5,6.95,17.55,22.17857142857143,34.95238095238095,5.836507936507936,242.32142857142856,0.6333333333333333,1.6388888888888888,0.4920634920634921,2.678571428571429,4.003968253968254,20.785714285714285,0.05555555555555555,0.4722222222222222,6.941421356237309,17.67867965644036,22.491079165640873,35.18931492296955,6.095228938874792,243.81043602452417,0.6562097167005081,1.6627184548963625,0.5029570079526229,2.7337198527601534,3.8698418395833314,20.136188400824867,0.065087381958545,0.4674563090207275,0,2
19246,Jordan Love (GB),2021,406.0,4.0,,,,,,,,,,,,,,,,,,,,,,,,,,,,,1,0
9300,Joe Flacco (FA),2021,460.0,11.9,6.633333333333333,12.633333333333333,20.65092592592593,33.88703703703704,8.6675,224.81296296296296,0.9590740740740741,1.0944444444444443,0.6305555555555555,2.1425925925925924,1.6037037037037036,3.966666666666667,0.0,0.16203703703703703,6.614880436576324,12.242088230440539,19.393396233298763,32.17483777619405,9.157580989610883,213.30549925028257,1.0238877266438595,1.08603569749713,0.6231121590028251,2.078280021086787,1.5025171213295667,3.927207793864215,0.0,0.14531267867705544,0,6
13890,Marcus Mariota (PHI),2021,359.0,2.1,7.733333333333333,17.233333333333334,15.619047619047619,24.833333333333332,24.702380952380953,192.80952380952382,3.2380952380952377,0.9285714285714285,0.6190476190476191,2.1904761904761902,5.666666666666667,43.97619047619048,0.38095238095238093,0.047619047619047616,7.794503195559282,18.94703257820251,15.739748802469443,25.36527446767521,31.335602332377068,198.3624304574783,4.136203584556488,0.9514555172155029,0.6740701479902625,1.8238271911866766,6.211788441549262,51.552090181859946,0.4854448278449709,0.032362988522998064,0,6
16381,Mitch Trubisky (PIT),2021,380.0,1.8,6.8,16.400000000000002,20.75873015873016,31.7,5.223492063492063,214.97142857142856,0.5417460317460318,1.4825396825396826,0.7746031746031745,2.015873015873016,3.785714285714286,20.812698412698413,0.1492063492063492,0.18253968253968256,6.756968667016861,16.148251909084486,20.6556458155175,31.500276228339374,5.463191950091519,212.2841928062417,0.5626562713475174,1.476381011677113,0.7702282299402605,2.0155255169653645,3.620718850798975,19.769692118622157,0.13656963218563317,0.18187781611783044,0,4
9101,Chad Henne (FA),2021,453.0,0.8,5.3999999999999995,3.1333333333333333,3.777777777777778,5.222222222222222,30.42222222222222,37.22222222222222,3.9555555555555553,0.2222222222222222,0.0,0.2222222222222222,1.1111111111111112,0.7777777777777778,0.1111111111111111,0.0,5.142478876304392,3.9191579101350653,4.6818456729937195,6.418659390394615,26.24098986073093,44.02445205411836,3.17912423924251,0.3020545595479819,0.0,0.3020545595479819,1.283731878078923,0.3775681994349775,0.15102727977399094,0.0,0,5
19803,Sam Ehlinger (IND),2021,381.0,0.3,,,,,,,,,,,,,,,,,,,,,,,,,,,,,1,0
9545,Ryan Fitzpatrick (FA),2021,189.8,0.7,8.133333333333333,17.933333333333334,19.844444444444445,30.305555555555557,6.440277777777777,246.70555555555555,0.8155555555555556,1.586111111111111,1.0555555555555556,1.9388888888888889,3.6999999999999997,16.766666666666666,0.2388888888888889,0.0861111111111111,7.951471862576143,17.430427747355875,19.57797464306231,29.785376722175634,6.31662144656609,237.1129751619037,0.7747623174056083,1.4975755000875486,0.9799371264971599,1.8851004938362632,3.5320377241017042,16.335924551796587,0.23268552871751869,0.07103458042656206,0,6
19220,Jacob Eason (FA),2021,394.0,0.0,,,,,,,,,,,,,,,,,,,,,,,,,,,,,1,0
18185,John Wolford (TB),2021,454.0,-0.5,6.1,13.8,22.0,38.0,57.9,231.0,6.1,0.0,1.0,2.0,6.0,56.0,0.0,0.0,6.1,13.8,22.0,38.0,57.9,231.0,6.1,0.0,1.0,2.0,6.0,56.0,0.0,0.0,0,1
16413,Patrick Mahomes II (KC),2022,33.0,25.2,7.8999999999999995,22.766666666666666,24.810924369747898,37.49243697478992,4.342380952380952,295.9761904761905,0.5207563025210084,2.1889822595704946,0.5072829131652661,1.4426704014939309,3.695704948646125,19.50550887021475,0.13127917833800187,0.17049486461251165,7.7828427124746185,22.840087607830853,25.111921520824787,37.92756343948401,4.2494470504838,295.1420538969278,0.5018687846990794,2.218460492056634,0.5555327154311143,1.4912244638400007,3.7790537942668667,20.260342006615808,0.12838369979452185,0.18168744559710692,0,5
17298,Josh Allen (BUF),2022,22.0,24.3,7.133333333333333,22.866666666666664,21.91544117647059,34.1875,3.907843137254902,245.4325980392157,0.4375,1.8933823529411764,0.6899509803921569,1.8431372549019607,6.7879901960784315,34.35661764705882,0.4718137254901961,0.26715686274509803,7.129760873152645,23.49705627484772,22.66698955855836,35.19780650832635,3.9052330018046426,252.17849662688494,0.43428300858899105,1.9835159438746706,0.7274431364643431,1.7515963962811394,6.8372434206317925,35.98629699214102,0.44752912522558036,0.25673231400051444,0,4
19275,Jalen Hurts (PHI),2022,60.0,25.6,7.25,14.45,11.4,19.333333333333336,3.776666666666667,140.16666666666666,0.48333333333333334,0.7333333333333334,0.43333333333333335,1.3,6.733333333333334,37.93333333333334,0.43333333333333335,0.13333333333333333,7.258578643762691,15.64243148301398,12.47519001825721,20.957556552402735,3.8298542579953483,152.07954330512288,0.48390524291751275,0.79052429175127,0.46192881254230167,1.3743482459433178,7.167984617309652,40.39254454530461,0.473367004225889,0.13333333333333333,0,2
19196,Joe Burrow (CIN),2022,56.5,21.7,7.800000000000001,19.2,24.6375,36.45,5.465,278.49375,0.613125,1.7125,0.6875,3.19375,3.1,10.7875,0.2125,0.2625,7.988730162779191,19.423044737829954,24.33510280736516,35.77228714274745,5.282274887854693,280.1569345594916,0.6033667927199395,1.7832738110421966,0.7196699141100894,3.1926776695296644,2.997056274847714,10.202007563196375,0.19748737341529166,0.23890872965260118,0,2
19781,Justin Fields (CHI),2022,167.0,20.5,6.9,11.4,13.25,22.5,4.908333333333333,155.83333333333334,0.5750000000000001,0.5833333333333334,0.8333333333333334,3.0,6.0,35.0,0.16666666666666666,0.4166666666666667,6.9,11.4,13.25,22.5,4.908333333333333,155.83333333333334,0.5750000000000001,0.5833333333333334,0.8333333333333334,3.0,6.0,35.0,0.16666666666666666,0.4166666666666667,0,1
11177,Kirk Cousins (MIN),2022,126.0,18.0,7.966666666666666,18.633333333333333,21.843055555555555,32.30416666666667,4.325138888888889,256.85833333333335,0.5091666666666667,1.9944444444444445,0.5499999999999999,2.0180555555555557,1.9597222222222221,7.045833333333333,0.06388888888888888,0.2125,7.892226344610225,18.889949493661167,22.158918822981594,32.92395923599143,4.2746502182257,259.3443399473018,0.5009099025766973,2.0279774357387224,0.5491461808941034,1.9966891271596638,1.9301498831045296,7.33167568261897,0.06344392049858745,0.20206130166526914,0,7
19780,Trevor Lawrence (JAC),2022,173.0,17.9,6.0,12.7,21.11764705882353,35.411764705882355,3.5058823529411764,214.1764705882353,0.35294117647058826,0.7058823529411765,1.0,1.8823529411764706,4.294117647058823,19.647058823529413,0.11764705882352941,0.29411764705882354,6.0,12.7,21.11764705882353,35.411764705882355,3.5058823529411764,214.1764705882353,0.35294117647058826,0.7058823529411765,1.0,1.8823529411764706,4.294117647058823,19.647058823529413,0.11764705882352941,0.29411764705882354,0,1
18232,Daniel Jones (NYG),2022,232.0,18.4,6.633333333333333,15.633333333333333,20.979020979020977,33.375291375291376,5.023759573759573,221.2625707625708,0.5294039294039293,1.1803196803196803,0.7579087579087579,2.712454212454212,4.5802530802530805,26.255577755577757,0.1356976356976357,0.5158175158175158,6.6453081839321975,15.480289633186187,20.91250048758551,33.1200309804218,5.15740813946026,220.10457342713744,0.5420160967455161,1.081846946429971,0.7262803883536787,2.5981442020209435,4.825379871834751,26.81628507667345,0.14011505406304636,0.45256077670735717,0,3
15501,Jared Goff (DET),2022,177.0,17.1,7.066666666666666,15.966666666666667,24.33531746031746,37.070238095238096,4.399305555555556,261.70912698412695,0.4713095238095238,1.3551587301587302,0.8126984126984128,1.8027777777777778,2.225595238095238,5.104761904761904,0.13055555555555556,0.3359126984126984,6.973459080339014,15.721987217762871,24.22572094804082,36.640612281524234,4.496400162372171,255.09517061048012,0.472151975283173,1.353560201160207,0.7631051033930729,1.9354434657315842,2.10669407114969,5.4964220913657655,0.11375154589550084,0.3504058994699242,0,6
18635,Justin Herbert (LAC),2022,36.0,17.1,7.4,23.1,26.22941176470588,39.59803921568627,4.158235294117647,292.00392156862745,0.46392156862745093,2.150980392156863,0.7745098039215685,1.9784313725490197,3.686274509803922,16.68235294117647,0.2549019607843137,0.06274509803921569,7.417157287525382,23.134314575050762,26.200143450691996,39.58626460660023,4.109892113384368,292.50787483751026,0.460019126758933,2.1654463404625766,0.7930127610567835,1.951854397754802,3.6896386838285062,16.868055347333538,0.24144526468597569,0.062072263234298784,0,2
9603,Tom Brady (FA),2022,70.5,16.5,7.2,20.53333333333333,25.63480392156863,39.57720588235294,3.9589460784313726,285.27696078431376,0.4409313725490196,2.176470588235294,0.6519607843137255,1.4313725490196079,1.7156862745098038,2.4215686274509802,0.1642156862745098,0.10049019607843139,7.282842712474619,21.152414965118748,26.236848149713204,40.05642791431554,3.9754059614752175,291.89287313680677,0.4428511783128159,2.28678501678966,0.673375865408784,1.3891241345912162,1.7150887625922449,2.7603426246656806,0.15585090092971512,0.11413800374625427,0,7
9001,Aaron Rodgers (NYJ),2022,93.0,14.8,7.633333333333333,20.96666666666667,22.729166666666668,33.875,4.2,258.5,0.4770833333333333,2.3125,0.2708333333333333,1.7916666666666667,2.4375,9.020833333333334,0.14583333333333334,0.125,7.7016099767458295,21.300276228339374,22.81107696815684,33.62541679637702,4.244596668010617,259.15862256675973,0.48135062354661434,2.3770124709322875,0.27002357756356504,1.7597170692372197,2.346682385042377,8.43465393631368,0.15918238504237672,0.09668238504237668,0,7
17233,Lamar Jackson (BAL),2022,42.5,20.3,7.533333333333334,24.0,18.099999999999998,27.877777777777776,4.688888888888889,210.81111111111113,0.5438888888888889,1.8222222222222222,0.6944444444444443,2.211111111111111,11.166666666666666,70.43888888888888,0.3666666666666667,0.21666666666666665,7.503886827694887,23.230427747355876,18.459153441852795,28.51008864551366,4.805315811767163,214.92672236141954,0.5568943517615724,1.7031278773785354,0.7736813717400896,2.4015179006327054,11.113492751231568,68.63864598554781,0.3307421148700748,0.22890984672316894,0,4
19198,Tua Tagovailoa (MIA),2022,162.0,18.4,6.55,14.35,19.415384615384617,29.423076923076923,5.812692307692307,192.73846153846154,0.5765384615384616,1.1653846153846155,0.6346153846153846,1.7692307692307692,3.4153846153846157,10.373076923076923,0.2653846153846154,0.08846153846153847,6.592893218813452,14.410050506338832,19.55528249828388,29.49566544722277,5.710210509511859,194.68383398557012,0.5673659116691233,1.1766028418435186,0.6577117332072437,1.7296370287875824,3.3837096230300663,10.282671215731648,0.2594455543181374,0.08648185143937914,0,2
11180,Russell Wilson (DEN),2022,71.5,15.8,7.766666666666667,20.633333333333336,21.270833333333332,31.898809523809522,4.3532738095238095,247.49404761904762,0.5086309523809524,2.074404761904762,0.5178571428571429,2.7648809523809526,4.315476190476191,22.169642857142858,0.15178571428571427,0.1488095238095238,7.749195011627085,20.241697584576684,20.899221162140247,31.424296348735332,4.410640967012999,243.2779907077448,0.515878602036616,2.0489408474607145,0.5252784768583922,2.6887095257294527,4.11547600517569,21.036834347571098,0.14724955460956116,0.14077491373488155,0,7
12092,Derek Carr (NO),2022,119.0,15.5,7.833333333333333,16.433333333333334,23.16299019607843,33.732843137254896,4.209926470588235,264.13357843137254,0.4801470588235294,1.450980392156863,0.6286764705882353,1.9301470588235297,2.1593137254901964,6.742647058823529,0.10416666666666667,0.3272058823529412,7.8093836321356065,16.421987217762872,23.48653609372484,34.29973027320262,4.167354922984676,267.5921416802191,0.47526026317472836,1.4509646280010289,0.6666088785206739,1.9972933495899299,2.2292822429586523,6.842725345501254,0.08838834764831843,0.33592440745141794,0,7
15600,Dak Prescott (DAL),2022,89.5,17.8,8.033333333333333,23.433333333333334,26.691666666666666,39.63333333333333,7.322916666666667,318.54583333333335,0.8870833333333333,1.9958333333333333,0.7041666666666666,1.7708333333333333,3.283333333333333,15.012500000000001,0.2833333333333333,0.3666666666666667,7.946918160678029,23.223873422848076,26.779232113119107,39.540697273271846,7.227120753786874,314.31557507312635,0.8667180984170589,2.049195011627085,0.6952248246567939,1.815935502775449,3.2488615745254714,14.015378138360788,0.26302038200428274,0.3904496493135876,0,6
18600,Kyler Murray (ARI),2022,55.5,18.9,7.3,21.733333333333334,23.01190476190476,34.36904761904762,4.389285714285715,250.4375,0.4797619047619048,1.5297619047619049,0.7380952380952381,2.300595238095238,6.803571428571428,38.467261904761905,0.43154761904761907,0.125,7.417157287525381,22.089282619457936,23.227140574600515,34.413827413547274,4.496930419698508,254.7713454776474,0.4955307816367969,1.5805008907808777,0.7338185057385009,2.2235119974121553,6.8278479015074645,37.79124543826149,0.43870952572945243,0.10841192521188349,0,3
20156,Mac Jones (NE),2022,183.0,12.9,7.3,14.0,20.705882352941178,30.647058823529413,3.9764705882352938,223.58823529411765,0.4294117647058823,1.2941176470588236,0.7647058823529411,1.6470588235294117,2.588235294117647,7.588235294117647,0.0,0.17647058823529413,7.3,14.0,20.705882352941178,30.647058823529413,3.9764705882352938,223.58823529411765,0.4294117647058823,1.2941176470588236,0.7647058823529411,1.6470588235294117,2.588235294117647,7.588235294117647,0.0,0.17647058823529413,0,1
9444,Matt Ryan (FA),2022,199.0,14.0,7.233333333333333,16.96666666666667,24.898774509803918,37.710947712418296,4.139003267973856,272.48586601307187,0.4535212418300653,1.5116013071895427,0.7755718954248366,2.7051470588235293,2.144035947712418,6.791176470588236,0.08349673202614379,0.2520424836601307,7.209383632135605,16.374402182881617,24.305961421134505,36.76308881359338,4.087008618122147,264.9314236380846,0.44565032804821514,1.4463214020909183,0.7515200196983132,2.6119725390730246,2.1602514166266564,6.247723726431638,0.08180175600582171,0.24219186418286068,0,7
11174,Ryan Tannehill (TEN),2022,194.5,13.9,8.166666666666666,19.233333333333334,19.145833333333332,28.37704248366013,4.635008169934641,228.94485294117646,0.5685049019607843,1.710375816993464,0.5870098039215687,2.2826797385620914,3.1687091503267975,15.974673202614378,0.39419934640522875,0.1825980392156863,7.877345908033901,18.887005768508878,19.616705962605945,29.182710570581293,4.429702410394313,227.7527362712166,0.5259821087900007,1.6357924099032644,0.6265617233935439,2.3184345970105245,3.138638473589587,16.014783160030824,0.40224179314099845,0.18326629908398173,0,6
22722,Kenny Pickett (PIT),2022,180.0,12.2,,,,,,,,,,,,,,,,,,,,,,,,,,,,,1,0
17237,Baker Mayfield (TB),2022,173.0,10.8,7.233333333333333,15.133333333333335,18.982142857142858,31.202380952380953,3.9863095238095236,225.625,0.47351190476190474,1.4047619047619049,0.9136904761904763,2.3988095238095237,2.589285714285714,9.56547619047619,0.10714285714285714,0.19642857142857142,7.232037724101705,14.912603585627267,18.783369223989144,30.819991092191227,4.056474640874679,222.94235853461862,0.4811290474270548,1.3822775860775145,0.8782424283625399,2.478573822294074,2.6751503731901667,9.636922614582415,0.09486298852299806,0.20550089078087766,0,4
15520,Carson Wentz (FA),2022,139.0,15.2,6.533333333333334,17.033333333333335,21.369281045751634,34.90236928104575,4.14922385620915,226.78635620915034,0.44154411764705886,1.536356209150327,0.6997549019607843,2.787173202614379,3.85375816993464,16.94485294117647,0.17933006535947713,0.35498366013071897,6.566352299152467,16.78056586152556,20.776744333934886,34.01383375040951,4.100295803134896,222.09707750961277,0.43895055363547686,1.5290580249522003,0.6861463139320301,2.7116409804617283,3.7853041968005057,16.53941943452106,0.17430119747053782,0.3391634305304911,0,6
9451,Matthew Stafford (LAR),2022,103.0,12.9,8.133333333333333,19.566666666666666,22.77573529411765,34.90931372549019,5.334313725490197,285.01225490196083,0.6775735294117647,2.1372549019607843,0.75,2.1299019607843137,2.064950980392157,5.926470588235294,0.0,0.18504901960784315,8.085119563423678,19.505220576101344,22.850743443246287,34.830650519907536,4.897342180322912,282.76306154441556,0.6135932063754808,2.1513744898005274,0.7949056897457398,2.0701692036914667,1.9998959813372132,5.257633809078002,0.0,0.15828016823902,0,7
16398,Deshaun Watson (CLE),2022,186.5,15.1,8.35,22.85,23.0375,33.5,4.437083333333334,279.11875,0.538125,1.8979166666666667,0.61875,2.997916666666667,5.545833333333333,27.641666666666666,0.32708333333333334,0.19375,8.444365081389597,22.96152236891498,23.18119228302507,33.58578643762691,4.428576178268665,282.94804210957096,0.5412347583639754,1.926154702385523,0.5876524163602471,3.008997414860142,5.559416185957594,27.660253728152497,0.30313461949582243,0.19267766952966373,0,4
13891,Jameis Winston (NO),2022,187.0,16.3,7.433333333333333,12.933333333333332,13.023809523809524,21.625,9.374107142857143,168.4017857142857,1.0851190476190478,1.3541666666666667,0.7678571428571428,1.669642857142857,3.419642857142857,12.613095238095239,0.06845238095238095,0.15178571428571427,7.3436982071863675,12.742593293828874,12.08997483309788,20.16533319893833,9.772270391848586,154.0738138221337,1.1332431634909963,1.3734043254447301,0.6189421555023379,1.5376383195186254,3.5473553887558444,13.803648197812707,0.07888478452480777,0.13552001444005438,0,7
20082,Trey Lance (SF),2022,98.0,4.5,8.5,11.2,6.833333333333333,11.833333333333334,9.616666666666667,100.5,1.4166666666666667,0.8333333333333334,0.3333333333333333,0.6666666666666666,6.333333333333333,28.0,0.16666666666666666,0.0,8.5,11.2,6.833333333333333,11.833333333333334,9.616666666666667,100.5,1.4166666666666667,0.8333333333333334,0.3333333333333333,0.6666666666666666,6.333333333333333,28.0,0.16666666666666666,0.0,0,1
