Player,ATT_RUSHING,YDS_RUSHING,TDS_RUSHING,REC_RECEIVING,YDS_RECEIVING,TDS_RECEIVING,FL_MISC,FPTS_MISC_proj,Season,pid,FPTS_MISC_real,FPTS/G_MISC,AVG
Christian McCaffrey SF,249.0,1121.0,8.5,100.3,833.5,4.3,1.8,318.9,2020,16393,81.9,27.3,1.0
Saquon Barkley NYG,269.3,1218.8,8.9,64.9,523.8,2.6,1.3,273.2,2020,17240,12.4,6.2,2.0
Ezekiel Elliott NE,286.0,1271.0,9.7,59.4,471.0,2.5,2.3,272.5,2020,15498,197.7,13.2,3.0
Dalvin Cook NYJ,259.2,1138.1,9.8,59.7,526.2,1.8,2.4,261.2,2020,16374,315.8,22.6,5.3
Alvin Kamara NO,199.8,915.2,7.9,82.7,607.0,2.9,1.6,255.6,2020,16421,336.3,22.4,5.3
Derrick Henry TEN,296.8,1462.4,12.0,22.3,189.7,1.1,2.0,250.5,2020,15514,323.6,20.2,5.7
Clyde Edwards-Helaire KC,207.8,938.0,8.2,51.7,454.3,3.2,1.9,229.8,2020,19325,158.0,12.2,13.3
Miles Sanders CAR,237.7,1056.2,6.3,49.9,442.5,2.3,1.8,222.8,2020,18283,156.4,13.0,19.3
Joe Mixon CIN,273.0,1183.4,7.5,39.6,305.4,1.7,1.5,220.6,2020,16420,89.1,14.9,9.7
Kenyan Drake IND,206.9,957.1,7.5,54.5,413.8,2.2,1.5,219.3,2020,15637,179.7,12.0,15.7
Aaron Jones GB,210.3,953.4,9.3,43.6,356.4,2.1,1.4,218.4,2020,16673,235.4,16.8,19.0
Josh Jacobs LV,269.6,1215.1,9.2,30.9,239.8,0.9,1.7,218.0,2020,18269,214.8,14.3,14.3
Austin Ekeler LAC,164.0,709.7,4.5,66.0,654.6,3.9,1.3,217.2,2020,16483,138.3,13.8,19.0
Nick Chubb CLE,276.6,1264.7,9.1,25.2,195.4,1.1,1.8,216.0,2020,17246,199.7,16.6,12.7
James Conner ARI,221.2,926.9,6.5,41.3,332.2,1.9,1.9,193.5,2020,16447,147.1,11.3,33.0
Melvin Gordon III BAL,194.7,790.0,6.5,43.4,348.4,1.7,1.3,182.0,2020,13903,182.4,12.2,37.3
Jonathan Taylor IND,203.2,861.2,6.7,24.4,207.9,1.1,1.7,162.7,2020,19217,234.8,15.7,37.0
Antonio Gibson WAS,148.8,636.9,4.0,47.6,390.5,1.9,1.5,158.6,2020,19624,184.2,13.2,127.3
Devin Singletary HOU,165.0,805.5,3.7,34.8,277.6,1.5,1.6,153.8,2020,18280,124.6,7.8,57.0
Raheem Mostert MIA,167.0,825.2,7.1,18.5,153.1,1.0,1.8,152.1,2020,14338,91.7,11.5,51.7
Cam Akers LAR,188.2,721.7,6.1,29.6,238.0,1.0,1.6,150.1,2020,19268,96.3,8.0,59.7
David Montgomery DET,203.2,796.9,5.5,20.5,158.4,0.8,1.5,140.3,2020,18239,237.8,15.9,65.7
Ronald Jones II DAL,145.7,650.0,4.8,28.3,231.9,0.9,1.3,134.0,2020,17243,172.3,12.3,80.0
Marlon Mack ARI,169.9,758.5,5.8,14.3,101.1,0.6,0.9,129.2,2020,16444,7.1,7.1,95.7
D'Andre Swift PHI,144.4,573.4,3.5,32.6,281.1,1.4,1.4,128.2,2020,19210,166.8,12.8,65.0
Matt Breida NYG,135.9,568.6,2.7,33.0,246.8,1.5,1.3,120.7,2020,17058,37.5,3.1,95.7
Zack Moss IND,154.1,645.6,4.2,19.6,155.1,0.7,1.5,116.5,2020,19263,94.6,7.3,106.3
J.K. Dobbins BAL,150.1,643.2,4.2,17.9,142.6,0.8,1.4,114.5,2020,19245,159.5,10.6,85.0
Latavius Murray BUF,134.8,539.7,4.8,22.2,156.1,0.6,0.8,111.6,2020,11821,124.7,8.3,116.0
Boston Scott PHI,98.3,396.4,3.8,28.0,223.2,0.6,1.0,100.1,2020,17612,83.1,5.2,151.3
Tony Pollard DAL,92.8,421.7,2.6,25.4,192.3,1.3,1.1,95.7,2020,18705,106.8,6.7,142.0
Nyheim Hines BUF,49.1,196.4,1.5,42.6,326.9,1.5,0.5,91.2,2020,17297,161.7,10.1,151.5
Alexander Mattison MIN,124.9,537.6,3.2,13.3,104.3,0.4,1.2,90.3,2020,18621,80.4,6.2,122.0
Jerick McKinnon KC,92.9,377.0,2.8,21.4,174.8,0.7,0.9,84.9,2020,12209,109.7,6.9,218.3
Darrynton Evans BUF,80.4,348.7,2.3,22.2,189.5,1.0,1.0,82.4,2020,19418,15.1,3.0,210.0
Chase Edmonds TB,90.5,363.0,2.8,18.1,135.0,0.8,0.5,79.4,2020,17496,141.5,8.8,147.0
James Robinson NYG,109.4,416.6,2.4,16.4,135.9,0.5,1.0,79.1,2020,19631,225.9,16.1,262.5
Darrel Williams NO,89.0,325.0,3.3,17.3,140.8,0.9,1.0,78.6,2020,17514,45.5,2.8,170.3
Jamaal Williams NO,71.3,278.8,1.5,27.1,205.9,1.3,0.4,78.3,2020,16424,111.6,8.0,171.0
Devine Ozigbo DET,97.8,374.4,2.1,17.7,141.3,0.5,0.9,74.5,2020,18630,8.8,1.1,344.0
Joshua Kelley LAC,109.2,396.4,3.4,9.6,73.9,0.3,0.9,71.8,2020,19445,69.7,5.0,195.0
Benny Snell Jr. DET,95.3,398.6,2.6,10.4,83.8,0.4,0.8,69.8,2020,18609,69.9,4.4,212.5
Damien Harris BUF,102.7,374.1,3.0,9.8,78.2,0.2,0.9,67.6,2020,18230,88.8,8.9,171.0
AJ Dillon GB,97.5,372.9,3.1,8.6,62.1,0.2,0.9,66.0,2020,19358,39.3,3.6,156.0
Rashaad Penny PHI,56.3,254.9,1.5,9.8,80.1,0.4,0.7,48.3,2020,17308,3.4,1.1,176.0
Myles Gaskin MIA,13.6,185.8,1.2,13.4,102.5,0.4,0.3,44.7,2020,17251,143.7,14.4,
Anthony McFarland Jr. PIT,42.4,165.4,1.0,14.6,116.1,0.7,0.5,44.6,2020,19366,19.7,1.8,221.0
Kyle Juszczyk SF,8.6,24.4,0.2,21.8,213.4,1.3,0.4,42.6,2020,11798,72.1,4.5,342.0
Gus Edwards BAL,54.6,279.2,1.6,3.6,28.0,0.1,0.5,41.6,2020,17687,123.7,7.7,263.0
La'Mical Perine KC,38.9,170.2,1.1,11.9,87.9,0.4,0.3,39.9,2020,19333,47.0,4.7,279.0
Royce Freeman LAR,39.7,161.6,0.9,15.2,95.6,0.2,0.4,39.2,2020,17245,31.1,1.9,234.0
DeeJay Dallas SEA,30.6,121.5,0.8,9.4,83.0,0.4,0.4,31.2,2020,19521,48.4,4.0,379.0
Darwin Thompson LV,31.4,140.4,0.8,8.5,54.9,0.2,0.4,28.9,2020,18620,29.7,2.3,301.0
Corey Clement ARI,34.9,131.2,1.0,6.6,49.3,0.1,0.4,27.3,2020,16446,18.5,1.2,385.0
Mike Boone HOU,29.6,139.6,1.0,3.4,30.0,0.1,0.1,24.8,2020,17813,13.9,0.9,330.0
Lynn Bowden Jr. NO,13.7,55.4,0.2,11.9,94.4,0.5,0.1,24.5,2020,19587,,,
C.J. Ham MIN,7.0,29.0,0.2,12.0,103.7,0.5,0.1,23.6,2020,16209,21.5,1.4,
Ty Montgomery NE,16.9,81.4,0.7,7.9,60.1,0.2,0.0,23.4,2020,13977,14.3,2.4,377.0
Dare Ogunbowale HOU,24.9,103.0,0.8,5.6,46.8,0.2,0.1,23.1,2020,16879,24.9,1.8,329.0
Travis Homer CHI,10.2,57.4,0.5,8.6,76.0,0.2,0.1,21.9,2020,18616,28.3,3.1,
Justice Hill BAL,24.8,90.2,0.8,5.7,43.6,0.1,0.4,21.3,2020,18256,10.5,0.9,209.0
Rico Dowdle DAL,23.8,103.9,0.8,4.1,37.9,0.1,0.0,21.2,2020,19647,2.4,0.2,
Eno Benjamin NO,21.8,100.8,0.8,4.6,33.2,0.1,0.1,21.0,2020,19361,,,
Jeff Wilson Jr. MIA,24.2,97.6,1.1,2.3,15.9,0.1,0.2,18.9,2020,18026,135.8,11.3,
Ke'Shawn Vaughn TB,21.2,85.2,0.5,4.6,35.7,0.1,0.1,18.0,2020,19351,20.8,2.1,111.5
Qadree Ollison JAC,16.7,76.1,1.1,2.6,19.2,0.1,0.1,17.6,2020,18480,0.3,0.1,
J.J. Taylor NE,21.9,82.1,0.6,3.4,32.7,0.1,0.0,17.1,2020,19438,11.9,2.0,391.0
Trayveon Williams CIN,23.8,73.3,0.3,4.1,32.2,0.1,0.1,15.0,2020,18607,19.2,1.9,
Khari Blasingame CHI,13.2,38.1,0.1,6.2,49.6,0.3,0.1,14.2,2020,18847,5.9,0.4,
D'Ernest Johnson JAC,16.0,55.8,0.3,3.9,37.3,0.1,0.0,13.9,2020,19111,19.5,1.2,
Alec Ingold MIA,6.3,38.1,0.3,5.6,39.6,0.2,0.1,13.7,2020,18571,23.4,1.5,
Patrick Laird TB,13.4,44.6,0.2,4.9,40.0,0.1,0.0,12.4,2020,18332,17.0,1.1,324.0
Jordan Wilkins CLE,13.3,53.5,0.5,2.5,19.6,0.1,0.0,11.9,2020,17497,55.3,3.7,
Patrick Ricard BAL,1.0,2.5,0.0,6.5,46.0,0.3,0.0,10.3,2020,17145,12.9,0.9,
Ameer Abdullah LV,6.8,23.4,0.2,3.9,32.4,0.2,0.1,9.4,2020,13924,26.0,1.6,
Alex Armah Jr. WAS,8.6,21.4,0.6,2.7,11.3,0.0,0.0,8.6,2020,16707,5.2,0.3,
Keith Smith ATL,4.7,21.0,0.2,4.1,25.0,0.2,0.0,8.5,2020,13192,12.1,0.8,
Jason Huntley IND,3.9,21.0,0.2,2.7,18.9,0.1,0.0,6.9,2020,19655,2.4,0.5,
Andrew Beck HOU,0.9,3.5,0.0,4.0,29.2,0.2,0.0,6.2,2020,18748,0.0,0.0,
Jakob Johnson LV,2.9,11.7,0.1,1.9,15.4,0.1,0.0,4.6,2020,18673,13.5,0.8,
Michael Burton DEN,1.9,4.7,0.0,2.7,17.3,0.1,0.0,4.4,2020,14191,6.6,0.4,
Samaje Perine DEN,3.8,14.8,0.1,1.5,11.3,0.0,0.0,4.2,2020,16423,60.2,3.8,
Nick Bellore SEA,0.9,2.4,0.0,2.4,15.5,0.1,0.0,3.8,2020,10978,0.0,0.0,
Dwayne Washington DEN,4.6,18.2,0.1,0.9,6.4,0.0,0.0,3.8,2020,15850,1.5,0.1,
Taquan Mizzell NYG,3.4,13.8,0.2,0.9,6.6,0.0,0.0,3.5,2020,16835,,,
Reggie Gilliam BUF,2.1,7.8,0.1,1.5,11.2,0.1,0.0,3.4,2020,19844,8.6,0.6,
Jonathan Williams WAS,1.6,6.4,0.0,1.2,8.6,0.0,0.0,2.2,2020,15611,2.6,0.5,
Austin Walter LV,0.0,0.0,0.0,0.0,0.0,0.0,0.0,0.0,2020,19032,3.5,0.9,
John Kelly Jr. CLE,0.0,0.0,0.0,0.0,0.0,0.0,0.0,0.0,2020,17304,,,
Craig Reynolds DET,0.0,0.0,0.0,0.0,0.0,0.0,0.0,0.0,2020,19074,1.2,0.6,
Jeremy McNichols SF,0.0,0.0,0.0,0.0,0.0,0.0,0.0,0.0,2020,16445,37.9,2.4,
Nick Bawden NYJ,0.0,0.0,0.0,0.0,0.0,0.0,0.0,0.0,2020,17587,,,
Jason Cabinda DET,0.0,0.0,0.0,0.0,0.0,0.0,0.0,0.0,2020,17429,0.0,0.0,
D'Onta Foreman CHI,0.0,0.0,0.0,0.0,0.0,0.0,0.0,0.0,2020,16407,16.5,2.8,
JaMycal Hasty JAC,0.0,0.0,0.0,0.0,0.0,0.0,0.0,0.0,2020,19627,27.6,3.5,
Mike Weber NYG,0.0,0.0,0.0,0.0,0.0,0.0,0.0,0.0,2020,18619,,,
Salvon Ahmed MIA,0.0,0.0,0.0,0.0,0.0,0.0,0.0,0.0,2020,19449,63.5,10.6,
Christian McCaffrey SF,293.9,1267.9,11.6,92.7,755.8,4.4,1.7,341.6,2021,16393,109.0,15.6,1.0
Dalvin Cook NYJ,312.7,1456.3,12.9,55.6,476.5,2.1,2.6,306.4,2021,16374,189.3,14.6,2.0
Alvin Kamara NO,208.5,1008.5,10.4,82.0,703.9,3.4,1.5,292.1,2021,16421,211.2,16.2,3.8
Derrick Henry TEN,350.1,1724.3,14.0,24.8,188.1,1.0,2.6,288.6,2021,15514,184.3,23.0,3.3
Aaron Jones GB,231.1,1145.9,10.0,54.4,413.5,2.8,1.6,256.7,2021,16673,203.0,13.5,7.8
Austin Ekeler LAC,182.9,845.8,5.0,83.7,696.5,4.7,1.3,251.4,2021,16483,308.8,19.3,12.5
Saquon Barkley NYG,258.4,1160.1,8.8,55.5,440.4,2.2,1.2,251.3,2021,17240,128.1,9.2,10.3
Ezekiel Elliott NE,279.1,1165.4,9.4,51.4,387.7,2.3,2.8,245.1,2021,15498,228.6,13.4,5.0
Jonathan Taylor IND,270.3,1209.3,10.6,41.6,321.7,1.4,1.6,242.7,2021,19217,353.1,20.8,10.0
Nick Chubb CLE,276.4,1350.1,11.1,27.5,221.6,1.1,1.8,240.2,2021,17246,205.3,14.7,6.5
Joe Mixon CIN,267.4,1125.5,8.1,49.9,368.6,2.7,1.5,236.6,2021,16420,266.9,16.7,19.0
Najee Harris PIT,261.1,1126.0,8.8,47.8,357.3,2.1,2.2,232.7,2021,19302,263.7,15.5,14.8
Antonio Gibson WAS,250.6,1077.6,9.3,45.8,330.0,1.5,1.4,225.3,2021,19624,208.1,13.0,17.5
Clyde Edwards-Helaire KC,230.5,1026.1,8.0,48.9,377.1,2.2,1.2,223.8,2021,19325,107.0,10.7,21.5
David Montgomery DET,253.1,1058.9,8.0,45.3,360.8,1.7,1.6,219.5,2021,18239,175.0,12.5,28.8
D'Andre Swift PHI,184.1,841.2,7.7,62.9,486.1,2.3,2.5,219.1,2021,19210,177.9,13.7,38.0
Miles Sanders CAR,221.8,1051.0,7.3,42.0,338.6,1.7,1.8,210.4,2021,18283,104.2,8.7,38.8
James Robinson NYG,232.8,1019.8,7.1,46.5,333.2,1.6,1.1,209.1,2021,19631,158.4,11.3,36.8
Josh Jacobs LV,259.8,1058.6,9.2,30.5,233.2,0.9,1.7,201.9,2021,18269,199.0,13.3,33.5
Myles Gaskin MIA,196.0,849.2,6.0,46.6,369.1,2.1,2.2,189.1,2021,17251,149.1,8.8,51.0
Chase Edmonds TB,161.5,704.1,4.6,53.6,417.6,3.0,1.0,182.5,2021,17496,121.8,10.2,65.5
Gus Edwards BAL,228.9,1040.1,8.8,14.1,115.0,0.6,1.7,176.0,2021,17687,,,
Damien Harris BUF,218.5,1037.3,7.1,13.5,102.0,0.3,1.0,162.9,2021,18230,201.1,13.4,64.8
Melvin Gordon III BAL,174.1,833.6,6.3,26.4,179.4,1.0,2.5,153.4,2021,13903,181.2,11.3,79.3
Raheem Mostert MIA,156.0,797.0,6.1,22.0,192.8,1.2,1.6,150.3,2021,14338,2.0,2.0,63.3
Javonte Williams DEN,186.5,747.2,5.3,24.0,184.2,1.0,1.5,140.0,2021,22739,183.4,10.8,66.3
James Conner ARI,159.6,682.9,5.6,25.6,185.8,0.8,1.1,135.6,2021,16447,239.2,15.9,98.0
Kenyan Drake IND,130.9,545.4,4.7,38.5,264.9,1.3,1.1,134.0,2021,15637,87.5,7.3,108.5
Ronald Jones II DAL,174.5,752.9,5.9,16.8,116.4,0.5,1.1,131.8,2021,17243,74.2,4.9,77.0
Trey Sermon PHI,162.5,663.3,5.8,19.7,155.1,1.2,1.3,131.3,2021,19425,26.8,4.5,76.5
Zack Moss IND,159.2,665.1,5.4,22.5,159.0,1.1,0.8,130.9,2021,19263,93.7,7.2,96.8
Jamaal Williams NO,141.5,556.8,3.7,32.1,222.3,1.1,0.8,121.3,2021,16424,106.8,8.2,110.5
Michael Carter NYJ,151.2,566.6,3.6,26.3,196.2,1.1,1.3,115.1,2021,22728,136.4,9.7,94.0
Devin Singletary HOU,125.0,529.8,2.7,32.6,234.1,1.2,1.0,114.0,2021,18280,177.8,10.5,109.0
Tony Pollard DAL,114.4,498.1,3.3,30.9,230.8,1.3,1.0,113.6,2021,18705,143.1,9.5,130.5
Nyheim Hines BUF,60.4,278.2,2.0,48.5,367.3,2.1,0.8,111.7,2021,17297,92.6,5.4,133.0
AJ Dillon GB,142.9,612.2,4.7,11.8,87.8,0.4,1.1,104.4,2021,19358,168.6,9.9,94.8
Latavius Murray BUF,117.0,483.5,3.4,21.8,151.5,0.9,2.0,96.2,2021,11821,98.6,7.0,167.0
Ty'Son Williams ARI,111.4,489.6,3.7,14.7,108.9,0.5,0.7,91.1,2021,19636,37.4,4.7,183.3
Alexander Mattison MIN,117.9,492.0,2.8,15.5,123.7,0.7,0.6,88.9,2021,18621,109.9,6.9,152.5
Damien Williams LV,71.0,327.2,3.0,24.7,185.0,1.2,0.7,87.1,2021,12334,52.7,4.4,197.3
Rashaad Penny PHI,88.8,416.1,3.3,13.9,105.7,0.7,0.7,81.3,2021,17308,118.7,11.9,175.5
Qadree Ollison JAC,99.3,372.2,3.3,12.2,97.9,0.8,1.0,75.8,2021,18480,17.7,3.0,273.0
Darrel Williams NO,71.5,316.2,2.9,17.8,130.2,0.6,0.6,72.9,2021,17514,172.5,10.1,200.5
Darrynton Evans BUF,80.9,320.0,2.2,17.0,139.5,1.1,0.8,72.5,2021,19418,2.8,1.4,228.3
Rhamondre Stevenson NE,93.7,336.2,3.3,9.7,73.3,0.3,0.8,65.5,2021,22726,107.9,9.0,156.0
Boston Scott PHI,63.6,246.2,1.8,19.7,156.1,0.7,0.5,64.3,2021,17612,92.1,8.4,230.0
Marlon Mack ARI,68.4,344.4,2.8,9.7,69.0,0.2,0.5,63.0,2021,16444,11.9,2.0,187.8
Salvon Ahmed MIA,62.3,292.7,2.0,10.2,74.4,0.3,0.3,54.9,2021,19449,32.6,3.0,226.0
Kyle Juszczyk SF,12.1,42.1,0.7,22.7,230.0,2.0,0.5,53.8,2021,11798,58.8,3.9,441.0
Cordarrelle Patterson ATL,37.7,169.8,1.1,18.2,147.5,0.9,0.2,52.4,2021,11613,208.6,13.0,238.0
Jeff Wilson Jr. MIA,56.3,246.4,3.0,5.4,48.9,0.6,1.0,51.9,2021,18026,48.0,5.3,251.0
Chuba Hubbard CAR,58.9,226.9,1.8,10.7,84.3,0.3,0.8,47.8,2021,19792,125.1,7.8,165.5
Samaje Perine DEN,52.5,246.0,1.7,8.9,63.8,0.2,0.3,46.2,2021,16423,69.7,4.6,304.0
Joshua Kelley LAC,80.0,288.1,1.7,7.1,49.1,0.2,1.1,46.2,2021,19445,14.5,1.8,268.0
Kenneth Gainwell PHI,49.7,209.0,1.4,11.7,92.2,0.5,0.8,45.9,2021,23310,106.9,6.7,178.7
Benny Snell Jr. DET,60.6,257.7,1.6,7.8,52.8,0.1,0.7,43.9,2021,18609,12.1,0.8,218.0
DeeJay Dallas SEA,40.2,160.4,1.2,14.5,105.1,0.7,0.6,43.8,2021,19521,49.6,2.9,423.0
Tony Jones Jr. DEN,62.9,203.3,1.5,9.7,75.6,0.4,0.3,43.0,2021,19482,19.6,2.0,192.3
Trayveon Williams CIN,45.4,193.8,1.2,12.5,101.8,0.5,3.0,39.9,2021,18607,6.0,1.5,
Elijah Mitchell SF,41.2,184.6,1.3,8.6,74.6,0.3,0.1,39.4,2021,22813,155.5,13.0,212.0
Jerick McKinnon KC,29.9,132.0,0.7,14.8,110.2,0.6,0.2,39.0,2021,12209,29.4,3.3,263.5
Brandon Bolden LV,25.2,123.9,2.5,4.3,43.8,0.6,0.0,37.5,2021,11410,103.6,6.5,
Matt Breida NYG,41.9,189.3,0.9,9.3,70.0,0.4,1.0,36.1,2021,17058,39.2,5.6,353.0
Jake Funk IND,32.9,164.8,1.1,8.2,58.5,0.2,0.3,33.6,2021,23190,0.5,0.1,253.0
Chris Evans CIN,32.3,134.8,0.8,10.6,74.3,0.2,0.2,31.8,2021,22797,42.3,4.7,314.0
Jaret Patterson WAS,40.1,179.3,1.1,5.4,37.2,0.2,0.3,31.7,2021,20155,50.9,3.6,240.0
JaMycal Hasty JAC,25.6,156.0,0.9,7.8,53.6,0.1,0.1,30.9,2021,19627,38.0,3.5,
Mike Boone HOU,38.1,172.9,1.3,5.0,33.8,0.1,0.6,30.5,2021,17813,6.7,2.2,298.0
Jermar Jefferson DET,34.6,147.3,0.7,7.7,55.3,0.2,0.2,29.0,2021,20088,23.7,4.7,396.0
Anthony McFarland Jr. PIT,32.9,152.1,0.8,6.9,49.2,0.2,0.5,28.4,2021,19366,1.9,0.6,206.0
J.J. Taylor NE,18.9,140.2,1.0,4.9,34.1,0.2,0.3,26.6,2021,19438,16.5,3.3,227.0
Larry Rountree III HOU,33.1,135.0,1.3,3.8,25.4,0.1,0.2,25.8,2021,19537,15.1,1.5,302.0
Ty Montgomery NE,11.5,71.9,0.3,11.7,87.7,0.3,0.0,25.2,2021,13977,21.9,1.6,391.0
Rico Dowdle DAL,33.0,136.0,1.0,4.0,34.0,0.0,0.0,25.0,2021,19647,,,
Dare Ogunbowale HOU,12.1,84.4,0.5,9.1,77.5,0.3,0.2,25.0,2021,16879,43.6,3.4,
Kene Nwangwu MIN,19.4,98.1,0.5,7.1,53.9,0.2,0.1,22.8,2021,23249,21.0,2.3,
Travis Homer CHI,11.0,82.8,0.4,7.5,56.9,0.3,0.1,21.3,2021,18616,53.8,3.8,
Royce Freeman LAR,24.9,111.0,0.7,4.7,28.1,0.1,0.1,20.5,2021,17245,29.6,2.5,265.0
Jeremy McNichols SF,25.6,95.8,0.4,6.1,42.5,0.1,0.1,20.1,2021,16445,59.6,4.6,439.0
Patrick Ricard BAL,2.0,4.7,0.1,12.1,80.6,0.8,0.4,19.1,2021,17145,16.7,2.1,
C.J. Ham MIN,4.7,13.3,0.1,9.9,83.9,0.5,0.0,18.6,2021,16209,24.4,1.6,
La'Mical Perine KC,28.7,106.0,0.5,3.5,23.2,0.1,0.1,17.6,2021,19333,3.1,1.6,263.0
Khalil Herbert CHI,15.8,84.3,0.4,5.1,34.9,0.1,0.1,17.2,2021,22763,71.9,4.5,437.0
Jordan Wilkins CLE,20.3,84.5,0.5,2.8,21.4,0.1,0.0,15.9,2021,17497,0.0,0.0,
Keith Smith ATL,4.3,15.2,0.1,8.2,61.3,0.3,0.0,14.4,2021,13192,13.2,1.0,
Gerrid Doaks HOU,25.0,93.0,0.0,4.0,27.0,0.0,0.0,14.0,2021,23286,0.0,0.0,430.0
Jonathan Ward TEN,11.8,43.0,0.4,3.8,30.9,0.3,0.0,13.8,2021,19974,8.2,0.9,
Alec Ingold MIA,4.4,13.8,0.1,6.9,57.9,0.3,0.1,13.2,2021,18571,19.6,2.8,
Eno Benjamin NO,17.9,76.0,0.3,1.8,14.9,0.0,0.0,12.0,2021,19361,25.0,3.1,293.0
D'Ernest Johnson JAC,17.2,73.2,0.3,2.5,19.1,0.0,0.1,11.9,2021,19111,94.6,7.3,
Ameer Abdullah LV,12.1,58.6,0.0,3.3,22.8,0.3,0.0,11.8,2021,13924,70.5,4.1,341.0
Nate McCrary GB,17.9,66.0,0.3,2.5,17.8,0.1,0.1,11.8,2021,23512,-0.1,-0.1,
Dwayne Washington DEN,12.6,39.8,0.2,4.2,33.1,0.1,0.1,11.1,2021,15850,3.8,0.5,
Demetric Felton Jr. CLE,12.4,59.8,0.5,1.7,14.0,0.0,0.0,11.1,2021,20105,41.5,2.8,444.0
Alex Armah Jr. WAS,4.1,17.2,0.2,4.2,33.0,0.3,0.0,9.7,2021,16707,8.7,0.9,
Gary Brightwell NYG,16.5,57.1,0.2,2.1,14.9,0.0,0.1,9.5,2021,23293,1.5,0.2,
Andrew Beck HOU,4.9,21.2,0.2,4.3,29.2,0.2,0.0,9.2,2021,18748,0.0,0.0,
Ke'Shawn Vaughn TB,9.8,41.8,0.3,1.5,10.6,0.1,0.0,8.3,2021,19351,34.6,5.8,312.0
Michael Burton DEN,3.3,15.2,0.1,4.4,27.9,0.2,0.0,8.3,2021,14191,13.2,1.3,
Trevon Wesco TEN,0.0,0.0,0.0,4.0,35.0,0.1,0.0,6.2,2021,18567,,,
D'Onta Foreman CHI,8.7,36.7,0.2,0.9,6.7,0.0,0.0,5.8,2021,16407,89.4,9.9,330.0
Nick Bellore SEA,1.5,6.7,0.0,3.1,22.3,0.2,0.0,5.5,2021,10978,0.0,0.0,
Corey Clement ARI,4.3,17.7,0.2,1.9,14.6,0.1,0.0,5.5,2021,16446,25.9,2.4,424.0
Jason Cabinda DET,0.4,2.5,0.0,2.1,13.0,0.1,0.0,3.2,2021,17429,0.0,0.0,
Khari Blasingame CHI,0.5,1.8,0.0,1.7,13.9,0.1,0.0,2.9,2021,18847,0.0,0.0,
Jakob Johnson LV,0.0,0.0,0.0,1.7,14.1,0.1,0.0,2.6,2021,18673,6.3,0.9,
Jonathan Williams WAS,2.3,9.8,0.0,0.9,7.0,0.0,0.0,2.1,2021,15611,18.7,3.7,352.0
Devine Ozigbo DET,1.2,5.3,0.0,0.9,6.3,0.0,0.0,1.6,2021,18630,0.9,0.5,
Jason Huntley IND,0.9,3.9,0.0,0.9,6.1,0.0,0.0,1.4,2021,19655,5.1,5.1,
Austin Walter LV,0.9,3.6,0.0,0.9,6.3,0.0,0.0,1.4,2021,19032,18.0,4.5,
Patrick Laird TB,0.9,3.9,0.0,0.9,5.5,0.0,0.0,1.4,2021,18332,3.6,1.2,
Taquan Mizzell NYG,0.9,3.7,0.0,0.9,5.4,0.0,0.0,1.3,2021,16835,,,
Godwin Igwebuike ATL,1.9,7.8,0.1,0.0,0.0,0.0,0.0,1.1,2021,17352,16.0,1.1,
Patrick Taylor Jr. GB,0.0,0.0,0.0,0.0,0.0,0.0,0.0,0.0,2021,19544,16.2,3.2,
Derrick Gore WAS,0.0,0.0,0.0,0.0,0.0,0.0,0.0,0.0,2021,19113,52.1,6.5,
Jonathan Taylor IND,326.7,1603.4,15.0,42.4,348.4,2.0,1.6,315.4,2022,19217,132.4,11.0,1.0
Christian McCaffrey SF,240.7,1073.2,8.1,88.3,749.6,4.1,0.5,298.1,2022,16393,313.9,18.5,2.0
Derrick Henry TEN,362.5,1621.2,13.0,26.7,213.5,1.1,1.0,279.1,2022,15514,286.3,17.9,4.5
Austin Ekeler LAC,219.8,954.1,9.0,71.5,633.1,4.7,0.7,275.2,2022,16483,319.2,18.8,3.5
Alvin Kamara NO,218.0,983.7,8.3,58.3,515.8,3.9,0.3,251.7,2022,16421,183.2,12.2,15.5
Joe Mixon CIN,288.2,1203.2,9.5,46.1,339.1,2.4,0.9,246.8,2022,16420,210.7,14.0,10.0
Najee Harris PIT,294.0,1179.5,7.5,57.4,381.2,1.9,0.4,240.2,2022,19302,203.0,11.9,8.0
Dalvin Cook NYJ,264.4,1201.6,9.6,43.5,322.0,1.6,1.8,237.6,2022,16374,218.3,12.8,6.5
Aaron Jones GB,194.8,942.7,6.2,62.8,509.2,3.7,0.8,234.8,2022,16673,219.1,12.9,16.0
D'Andre Swift PHI,220.1,931.5,6.7,65.3,486.6,2.6,1.3,227.1,2022,19210,167.1,11.9,14.5
Saquon Barkley NYG,245.2,1025.1,6.9,55.9,423.9,2.0,0.8,224.9,2022,17240,255.5,16.0,16.5
James Conner ARI,227.6,926.9,10.0,44.3,351.6,2.2,0.8,221.5,2022,16447,177.2,13.6,29.0
Javonte Williams DEN,229.5,1008.0,8.1,46.5,353.2,2.4,1.1,220.6,2022,22739,34.0,8.5,23.0
Nick Chubb CLE,247.5,1202.6,9.0,24.6,196.6,1.0,0.9,210.1,2022,17246,267.9,15.8,17.5
David Montgomery DET,229.3,931.8,7.5,44.7,348.0,2.0,0.7,206.0,2022,18239,160.7,10.0,42.0
Ezekiel Elliott NE,231.0,971.8,7.7,41.2,286.0,1.9,1.7,201.0,2022,15498,177.3,11.8,27.5
Breece Hall NYJ,219.0,1000.7,6.8,37.0,279.4,1.4,1.2,193.6,2022,22982,105.6,15.1,40.5
Travis Etienne Jr. JAC,185.1,851.6,5.7,49.4,398.3,2.0,1.1,193.4,2022,19231,187.6,11.0,40.0
Cam Akers LAR,229.9,991.1,7.2,33.5,262.0,1.7,2.4,190.7,2022,19268,134.8,9.0,42.0
Elijah Mitchell SF,229.1,1001.6,7.6,28.8,220.6,1.4,0.3,189.9,2022,22813,42.1,8.4,45.5
Josh Jacobs LV,224.7,943.5,8.0,36.6,251.7,0.9,1.4,188.5,2022,18269,301.8,17.8,49.5
J.K. Dobbins BAL,204.1,925.4,8.0,30.5,223.8,1.4,0.5,185.2,2022,19245,77.7,9.7,55.0
Damien Harris BUF,210.4,973.6,10.0,18.7,139.3,0.6,1.2,181.9,2022,18230,82.4,7.5,72.5
Miles Sanders CAR,204.5,1034.2,6.0,29.9,212.1,1.1,1.4,179.3,2022,18283,206.7,12.2,82.5
Antonio Gibson WAS,196.9,881.2,6.8,32.8,240.4,1.4,1.5,174.7,2022,19624,142.9,9.5,63.0
AJ Dillon GB,182.1,806.9,6.7,33.5,272.1,1.5,0.8,171.7,2022,19358,153.6,9.0,54.0
Clyde Edwards-Helaire KC,181.3,789.8,5.8,36.1,271.5,2.1,1.0,169.2,2022,19325,89.8,9.0,66.5
Tony Pollard DAL,155.4,726.9,3.9,45.9,376.7,2.2,0.4,169.1,2022,18705,229.3,14.3,87.0
Dameon Pierce HOU,216.6,906.8,6.0,29.3,225.2,1.1,1.0,168.5,2022,22947,151.4,11.6,79.0
Rashaad Penny PHI,193.8,965.9,6.9,21.6,161.1,0.7,0.8,167.1,2022,17308,50.2,10.0,85.0
Devin Singletary HOU,180.3,832.7,5.8,33.8,228.6,1.4,1.0,163.8,2022,18280,159.2,9.4,84.0
Chase Edmonds TB,166.3,718.9,4.2,45.6,331.1,1.8,0.3,163.4,2022,17496,66.2,5.1,72.5
Rhamondre Stevenson NE,174.4,738.7,6.6,33.7,259.0,1.3,0.5,163.0,2022,22726,214.6,12.6,91.5
Cordarrelle Patterson ATL,134.2,601.2,4.3,44.3,398.8,2.6,0.3,162.9,2022,11613,144.2,11.1,90.5
Melvin Gordon III BAL,150.8,684.2,5.9,24.6,189.6,1.2,1.4,139.4,2022,13903,74.6,7.5,101.5
Michael Carter NYJ,133.3,556.3,3.3,32.7,269.6,1.3,0.3,125.5,2022,22728,105.5,6.6,121.0
James Robinson NYG,146.1,584.5,4.6,23.2,174.3,0.7,0.8,117.9,2022,19631,83.1,7.6,124.0
Raheem Mostert MIA,130.3,650.7,4.4,16.3,126.1,0.9,1.2,115.3,2022,14338,152.8,9.6,154.5
Nyheim Hines BUF,75.1,288.7,2.0,44.7,356.7,1.9,0.4,109.1,2022,17297,66.4,4.2,132.0
Jamaal Williams NO,133.3,558.0,3.6,22.5,149.2,0.8,0.2,108.1,2022,16424,219.9,12.9,179.0
James Cook BUF,93.1,402.1,2.9,30.6,240.9,1.7,0.4,106.4,2022,22958,97.0,5.7,110.5
Brian Robinson Jr. WAS,130.9,562.6,4.4,16.4,122.2,0.5,0.6,104.6,2022,20094,108.2,9.0,137.0
Kenneth Walker III SEA,151.7,573.5,4.1,16.1,110.6,0.4,0.5,102.5,2022,23021,189.0,12.6,103.5
Kenneth Gainwell PHI,87.7,363.3,3.4,30.4,242.6,1.2,0.7,101.9,2022,23310,76.4,4.5,164.5
Alexander Mattison MIN,109.1,438.4,2.8,24.7,182.8,0.9,0.4,96.1,2022,18621,80.9,4.8,130.5
Rachaad White TB,87.3,345.2,3.0,21.3,165.0,1.1,0.4,85.7,2022,23891,114.1,6.7,168.5
Khalil Herbert CHI,111.6,402.5,2.6,18.4,137.0,0.6,0.3,81.8,2022,22763,113.3,8.7,171.0
Tyler Allgeier ATL,127.2,477.6,2.7,12.9,93.3,0.3,0.4,80.9,2022,24172,151.4,9.5,166.0
Ameer Abdullah LV,37.0,175.6,0.9,35.7,257.6,1.4,0.1,74.8,2022,13924,41.6,2.6,
Jerick McKinnon KC,46.3,212.5,1.6,27.6,217.4,1.3,0.3,73.6,2022,12209,168.3,9.9,226.0
Marlon Mack ARI,135.0,389.5,2.7,12.3,84.7,0.5,0.1,72.6,2022,16444,34.3,4.3,167.0
Zamir White LV,97.2,352.9,3.1,9.4,65.1,0.3,0.3,66.6,2022,20095,7.0,0.6,173.0
Gus Edwards BAL,93.4,398.6,3.0,6.2,50.4,0.2,0.5,66.3,2022,17687,59.3,6.6,221.5
Damien Williams LV,63.9,243.3,1.5,20.4,153.9,0.5,0.3,61.4,2022,12334,0.2,0.2,
D'Onta Foreman CHI,74.2,376.9,2.5,7.0,60.1,0.2,0.9,61.4,2022,16407,128.5,8.0,192.0
Boston Scott PHI,69.3,296.3,2.7,8.8,64.1,0.2,0.4,57.6,2022,17612,43.7,2.9,
Samaje Perine DEN,57.3,215.6,1.2,19.9,139.4,0.6,0.2,55.6,2022,16423,123.1,7.7,231.0
Ronald Jones II DAL,53.1,261.2,2.7,9.3,62.5,0.2,0.5,53.7,2022,17243,15.7,3.1,164.0
Isaiah Spiller LAC,61.4,245.7,1.8,12.4,92.2,0.4,0.2,52.5,2022,23143,6.9,1.4,162.0
Eno Benjamin NO,60.0,243.3,1.7,12.3,98.1,0.3,0.3,52.3,2022,19361,77.1,5.9,208.0
Matt Breida NYG,65.8,271.8,1.3,12.1,91.0,0.5,0.7,51.8,2022,17058,49.8,2.9,
Darrel Williams NO,46.7,201.9,1.8,13.4,106.8,0.6,0.1,51.5,2022,17514,19.1,3.8,203.5
Isiah Pacheco KC,55.5,224.3,2.0,10.6,71.3,0.4,0.3,48.5,2022,24333,128.5,7.6,152.5
J.J. Taylor NE,0.0,235.9,2.0,7.8,57.2,0.3,0.2,46.2,2022,19438,2.2,2.2,
Jeff Wilson Jr. MIA,46.1,172.6,1.6,11.2,83.5,0.6,0.3,43.4,2022,18026,147.5,9.2,206.0
Chuba Hubbard CAR,44.2,186.3,1.2,12.8,89.3,0.5,0.3,43.3,2022,19792,80.7,5.8,196.0
D'Ernest Johnson JAC,34.2,197.4,1.4,9.7,77.0,0.2,0.1,42.0,2022,19111,3.9,0.4,
Kyle Juszczyk SF,11.7,37.3,0.5,22.5,171.0,1.0,0.2,40.9,2022,11798,44.1,3.4,
Kenyan Drake IND,27.0,152.2,1.0,13.5,90.4,0.5,0.1,39.7,2022,15637,95.6,8.0,229.0
Tyler Goodson GB,0.0,170.3,1.6,7.8,63.8,0.4,0.2,38.7,2022,22976,0.0,0.0,
Ke'Shawn Vaughn TB,44.5,188.1,1.7,6.8,48.3,0.1,0.4,37.2,2022,19351,8.7,1.0,
Hassan Haskins TEN,51.4,204.0,1.2,7.0,50.2,0.2,0.2,37.1,2022,23798,20.5,1.5,241.0
Chris Evans CIN,27.3,99.9,0.6,15.3,111.3,0.8,0.1,36.6,2022,22797,11.3,1.1,
Anthony McFarland Jr. PIT,35.0,165.8,1.0,7.1,52.7,0.7,0.2,35.5,2022,19366,5.1,5.1,
Myles Gaskin MIA,34.3,168.8,1.0,10.9,68.6,0.2,0.5,35.3,2022,17251,7.4,3.7,
Zack Moss IND,43.9,180.3,1.4,5.6,41.4,0.2,0.1,34.6,2022,19263,59.0,4.5,
Craig Reynolds DET,31.7,171.7,1.1,7.6,55.3,0.2,0.2,34.0,2022,19074,26.3,3.8,
Joshua Kelley LAC,45.0,177.0,1.3,6.8,46.0,0.2,0.6,33.5,2022,19445,57.8,4.8,
Tyrion Davis-Price SF,34.8,159.9,1.4,6.6,45.9,0.2,0.2,33.3,2022,22992,9.9,2.0,199.0
Travis Homer CHI,15.3,80.7,0.6,12.4,98.0,0.6,0.1,30.8,2022,18616,35.1,2.9,
Ty Montgomery NE,17.5,70.9,0.3,15.3,118.9,0.3,0.2,29.7,2022,13977,8.8,8.8,
Benny Snell Jr. DET,39.2,168.2,1.0,5.3,36.4,0.1,0.2,29.3,2022,18609,17.7,2.0,
Brandon Bolden LV,19.0,75.8,0.5,12.5,104.0,0.3,0.1,28.8,2022,11410,23.8,2.0,
Trey Sermon PHI,26.7,129.9,1.1,6.5,42.7,0.2,0.1,28.0,2022,19425,1.9,1.9,
Deon Jackson IND,29.8,126.1,1.1,6.1,44.0,0.3,0.2,27.6,2022,20097,69.5,5.8,
Dare Ogunbowale HOU,12.6,91.7,0.6,10.3,82.2,0.3,0.1,27.5,2022,16879,38.7,2.6,
Kyren Williams LAR,18.6,120.0,1.3,5.6,43.9,0.1,0.2,27.2,2022,23059,26.0,3.3,
Pierre Strong Jr. NE,13.1,114.3,1.1,5.9,43.0,0.2,0.2,25.8,2022,24173,23.7,2.4,
Snoop Conner JAC,25.2,127.6,0.9,6.1,41.6,0.1,0.2,25.7,2022,23027,10.2,2.0,
Jaylen Warren PIT,29.5,134.0,1.0,5.1,32.5,0.1,0.2,25.4,2022,24209,79.3,5.0,
DeeJay Dallas SEA,18.3,89.2,0.6,9.2,62.3,0.2,0.2,24.6,2022,19521,38.7,2.6,
Royce Freeman LAR,22.4,120.1,0.7,6.2,42.0,0.2,0.0,24.6,2022,17245,16.0,3.2,
Qadree Ollison JAC,9.9,119.4,1.0,5.9,37.8,0.2,0.6,24.5,2022,18480,0.0,0.0,
Gary Brightwell NYG,24.5,99.7,0.8,6.2,44.3,0.1,0.1,22.5,2022,23293,26.5,1.8,
Patrick Taylor Jr. GB,0.0,112.8,1.0,3.0,20.4,0.1,0.3,21.0,2022,19544,5.3,0.8,
Jermar Jefferson DET,23.7,98.5,0.6,5.0,34.0,0.1,0.0,19.8,2022,20088,0.0,0.0,
Trestan Ebner CHI,9.8,75.0,0.6,6.0,46.2,0.2,0.1,19.5,2022,24047,5.2,0.5,
Darrynton Evans BUF,21.9,94.8,0.6,4.8,35.1,0.1,0.0,19.4,2022,19418,10.2,3.4,
Tony Jones Jr. DEN,26.4,106.5,0.5,4.4,31.2,0.1,0.1,19.2,2022,19482,7.9,2.6,
Jonathan Williams WAS,9.7,89.6,0.7,4.9,37.2,0.2,0.5,19.1,2022,15611,22.7,2.5,
Jerome Ford CLE,8.5,74.4,0.6,5.1,36.1,0.2,0.1,18.0,2022,22921,1.2,0.1,
Ty Chandler MIN,16.0,76.4,0.3,6.6,43.5,0.1,0.1,17.9,2022,19471,2.0,1.0,
Dwayne Washington DEN,16.8,71.8,0.5,4.7,35.8,0.2,0.1,17.1,2022,15850,5.0,0.7,
Kene Nwangwu MIN,21.4,82.8,0.6,3.8,23.8,0.1,0.1,16.8,2022,23249,10.5,0.8,
Darwin Thompson LV,0.0,75.6,0.6,3.8,28.8,0.2,0.1,16.4,2022,18620,0.0,0.0,
C.J. Ham MIN,5.5,15.3,0.1,9.4,68.4,0.3,0.0,15.7,2022,16209,26.3,2.4,
Demetric Felton Jr. CLE,0.0,19.5,0.1,8.6,73.3,0.2,0.1,15.6,2022,20105,1.4,0.2,
Jordan Mason SF,13.9,72.3,0.6,3.9,23.3,0.1,0.1,15.5,2022,22969,31.8,2.7,
Keith Smith ATL,8.1,32.7,0.2,7.9,53.8,0.3,0.1,15.5,2022,13192,1.5,0.2,
Jonathan Ward TEN,4.6,43.6,0.3,5.7,45.9,0.3,0.1,15.2,2022,19974,4.2,1.1,
Rico Dowdle DAL,16.0,64.9,0.4,4.4,34.7,0.2,0.1,15.1,2022,19647,0.0,0.0,
Trayveon Williams CIN,4.4,77.1,0.5,3.8,21.6,0.1,0.5,14.5,2022,18607,7.0,0.8,
Keaontay Ingram ARI,20.6,84.6,0.2,2.6,18.9,0.0,0.1,13.0,2022,23162,16.1,1.5,
Jordan Wilkins CLE,13.1,53.8,0.2,3.9,32.5,0.1,0.0,12.5,2022,17497,11.7,2.9,
Alec Ingold MIA,4.3,14.9,0.1,6.5,48.1,0.3,0.0,12.3,2022,18571,30.8,2.6,
Mike Boone HOU,8.4,46.5,0.3,3.9,27.7,0.1,0.1,12.0,2022,17813,24.3,3.0,
Patrick Ricard BAL,2.6,7.9,0.1,6.4,43.9,0.3,0.0,10.7,2022,17145,14.5,1.1,
Justice Hill BAL,10.3,44.2,0.4,2.6,18.2,0.1,0.0,10.5,2022,18256,36.0,2.4,
Jake Funk IND,6.9,41.2,0.3,3.0,21.5,0.1,0.1,10.4,2022,23190,0.0,0.0,
JaMycal Hasty JAC,5.9,24.6,0.2,4.2,30.1,0.2,0.1,9.6,2022,19627,60.0,4.3,
Andrew Beck HOU,4.7,18.8,0.2,4.4,33.0,0.2,0.0,9.4,2022,18748,0.0,0.0,
Jakob Johnson LV,4.0,16.5,0.2,4.4,32.6,0.3,0.1,9.4,2022,18673,3.5,0.3,
Alex Armah Jr. WAS,5.9,23.5,0.2,3.9,27.7,0.2,0.0,9.3,2022,16707,0.0,0.0,
Michael Burton DEN,5.8,23.7,0.3,3.5,25.2,0.2,0.0,9.3,2022,14191,2.8,0.2,
Giovanni Ricci CAR,4.5,18.2,0.1,4.0,31.2,0.2,0.0,8.8,2022,19756,,,
Julius Chestnut TEN,4.5,18.8,0.1,3.8,28.0,0.2,0.0,8.2,2022,24689,6.8,1.1,
Khari Blasingame CHI,2.4,9.8,0.1,3.8,29.2,0.2,0.0,7.4,2022,18847,0.0,0.0,
Jason Cabinda DET,3.0,12.5,0.1,3.6,26.6,0.2,0.0,7.3,2022,17429,0.0,0.0,
Trevon Wesco TEN,0.0,0.0,0.0,3.5,36.5,0.3,0.0,6.9,2022,18567,,,
Reggie Gilliam BUF,0.0,0.0,0.0,4.4,32.5,0.2,0.0,6.8,2022,19844,18.1,2.3,
Salvon Ahmed MIA,7.6,31.8,0.2,1.0,7.7,0.0,0.0,6.0,2022,19449,13.7,2.0,
Adam Prentice NO,4.4,18.7,0.1,2.0,14.7,0.1,0.0,5.9,2022,23451,3.3,0.6,
Brittain Brown LV,3.8,15.6,0.1,2.1,15.4,0.1,0.0,5.5,2022,24572,0.0,0.0,
Godwin Igwebuike ATL,2.2,9.1,0.1,2.0,15.2,0.1,0.0,4.5,2022,17352,1.2,0.2,
Zander Horvath LAC,4.4,18.4,0.2,0.0,0.0,0.0,0.0,2.7,2022,23933,16.1,2.0,
Jason Huntley IND,0.0,0.0,0.0,0.0,0.0,0.0,0.0,0.0,2022,19655,0.0,0.0,
Larry Rountree III HOU,0.0,0.0,0.0,0.0,0.0,0.0,0.0,0.0,2022,19537,4.3,1.4,
Spencer Brown BUF,0.0,0.0,0.0,0.0,0.0,0.0,0.0,0.0,2022,22781,,,
Nate McCrary GB,0.0,0.0,0.0,0.0,0.0,0.0,0.0,0.0,2022,23512,0.0,0.0,
Malik Davis DAL,0.0,0.0,0.0,0.0,0.0,0.0,0.0,0.0,2022,24205,31.4,5.2,
Jaret Patterson WAS,0.0,0.0,0.0,0.0,0.0,0.0,0.0,0.0,2022,20155,7.8,3.9,
Ty'Son Williams ARI,0.0,0.0,0.0,0.0,0.0,0.0,0.0,0.0,2022,19636,1.0,1.0,
Christian McCaffrey SF,218.7,1011.6,7.5,74.8,632.0,4.2,0.5,271.2,2023,16393,313.9,18.5,2.0
Austin Ekeler LAC,191.4,862.8,9.4,77.5,601.1,3.9,1.5,262.0,2023,16483,319.2,18.8,4.0
Derrick Henry TEN,307.8,1346.7,9.4,32.0,271.1,0.8,1.8,235.5,2023,15514,286.3,17.9,16.7
Nick Chubb CLE,280.4,1373.8,9.1,28.2,234.8,1.1,1.1,234.1,2023,17246,267.9,15.8,10.0
Tony Pollard DAL,222.8,1116.5,8.2,45.3,378.4,2.2,0.5,233.5,2023,18705,229.3,14.3,17.3
Josh Jacobs LV,263.2,1228.8,9.8,39.8,292.7,0.8,1.2,233.3,2023,18269,301.8,17.8,22.0
Saquon Barkley NYG,253.8,1133.9,7.9,52.4,373.1,1.7,0.7,233.1,2023,17240,255.5,16.0,8.7
Bijan Robinson ATL,247.9,1181.4,8.7,40.6,337.4,2.1,1.9,233.0,2023,23133,0.0,0.0,8.7
Jonathan Taylor IND,276.6,1265.2,8.3,32.5,229.8,1.0,2.1,217.2,2023,19217,132.4,11.0,17.0
Joe Mixon CIN,228.7,954.9,7.4,50.0,367.3,2.2,0.6,213.4,2023,16420,210.7,14.0,36.3
Aaron Jones GB,200.2,987.2,5.6,49.8,375.1,2.7,1.3,207.9,2023,16673,219.1,12.9,39.3
Najee Harris PIT,263.2,1037.4,6.8,39.3,267.4,2.2,1.2,202.2,2023,19302,203.0,11.9,25.7
Rhamondre Stevenson NE,208.0,935.2,5.7,50.6,361.6,1.3,1.0,195.3,2023,22726,214.6,12.6,26.7
Travis Etienne Jr. JAC,218.6,1082.1,6.5,35.1,285.7,0.9,2.3,193.9,2023,19231,187.6,11.0,29.0
Alexander Mattison MIN,215.3,942.5,8.1,34.4,235.9,1.6,1.0,191.4,2023,18621,80.9,4.8,57.3
James Conner ARI,214.0,913.3,6.8,41.0,297.9,1.3,0.8,188.5,2023,16447,177.2,13.6,60.3
Kenneth Walker III SEA,228.7,1040.3,8.2,25.9,173.7,0.6,0.4,186.6,2023,23021,189.0,12.6,39.3
Jahmyr Gibbs DET,178.7,783.9,6.6,44.5,351.2,2.0,1.5,184.0,2023,22968,0.0,0.0,34.7
Dameon Pierce HOU,255.3,1069.8,5.8,32.7,216.2,1.1,2.1,182.1,2023,22947,151.4,11.6,44.3
Breece Hall NYJ,179.2,836.5,5.7,35.4,320.6,1.8,1.1,175.9,2023,22982,105.6,15.1,35.0
Rachaad White TB,205.7,841.0,4.5,48.1,340.9,1.9,2.7,175.6,2023,23891,114.1,6.7,70.0
Miles Sanders CAR,218.0,1013.6,6.1,29.6,208.4,0.8,1.4,175.0,2023,18283,206.7,12.2,49.3
Cam Akers LAR,233.0,985.0,6.4,25.1,206.7,0.7,2.2,170.1,2023,19268,134.8,9.0,56.7
J.K. Dobbins BAL,173.8,888.7,6.8,24.0,170.4,1.6,0.4,167.6,2023,19245,77.7,9.7,52.3
Isiah Pacheco KC,196.7,936.9,6.8,24.3,199.7,0.7,1.9,167.4,2023,24333,128.5,7.6,72.0
David Montgomery DET,194.4,777.2,6.2,33.6,278.5,1.2,1.0,164.6,2023,18239,160.7,10.0,75.7
Alvin Kamara NO,175.8,724.8,3.8,42.5,373.2,1.8,1.1,162.3,2023,16421,183.2,12.2,67.0
Javonte Williams DEN,178.4,821.8,4.9,36.9,257.5,1.5,1.6,161.6,2023,22739,34.0,8.5,67.0
James Cook BUF,160.3,808.0,4.7,35.3,264.2,1.7,1.4,160.5,2023,22958,97.0,5.7,77.0
D'Andre Swift PHI,118.2,555.9,4.8,39.9,329.4,1.8,0.8,146.4,2023,19210,167.1,11.9,67.7
AJ Dillon GB,166.9,728.5,5.6,25.0,198.3,0.7,0.7,142.1,2023,19358,153.6,9.0,89.3
Khalil Herbert CHI,163.9,812.9,4.8,20.2,135.1,0.8,0.4,137.6,2023,22763,113.3,8.7,98.0
Dalvin Cook NYJ,175.3,738.3,4.4,27.4,204.1,1.0,1.6,137.5,2023,16374,218.3,12.8,68.0
Antonio Gibson WAS,139.1,558.9,3.6,42.6,309.7,1.4,1.1,136.4,2023,19624,142.9,9.5,97.0
Brian Robinson Jr. WAS,209.3,881.3,4.3,16.2,105.0,0.7,0.5,136.0,2023,20094,108.2,9.0,94.3
Samaje Perine DEN,152.0,636.3,3.9,28.8,232.6,1.5,0.4,132.8,2023,16423,123.1,7.7,111.3
Jeff Wilson Jr. MIA,134.9,627.2,4.4,22.1,170.1,1.1,1.3,120.9,2023,18026,147.5,9.2,172.0
Jamaal Williams NO,161.5,662.3,5.4,14.1,106.4,0.5,0.7,117.6,2023,16424,219.9,12.9,101.0
Rashaad Penny PHI,157.0,754.8,5.1,8.3,55.9,0.2,0.7,115.9,2023,17308,50.2,10.0,98.7
Raheem Mostert MIA,134.7,598.5,3.3,22.5,160.4,0.9,0.8,110.7,2023,14338,152.8,9.6,146.3
Elijah Mitchell SF,140.7,639.6,4.1,13.1,94.8,0.8,0.3,108.6,2023,22813,42.1,8.4,123.7
Zach Charbonnet SEA,125.4,540.6,3.5,23.6,188.1,0.8,1.0,108.3,2023,23152,0.0,0.0,111.0
Tyler Allgeier ATL,148.1,687.4,3.4,11.8,90.7,0.5,0.3,106.3,2023,24172,151.4,9.5,145.0
Jerick McKinnon KC,57.0,222.6,1.6,38.4,328.8,3.0,0.2,101.8,2023,12209,168.3,9.9,127.7
Ezekiel Elliott NE,142.4,552.8,4.2,15.7,116.2,0.5,0.8,101.2,2023,15498,177.3,11.8,132.0
Devin Singletary HOU,128.8,546.1,2.8,24.4,175.8,0.4,1.2,101.2,2023,18280,159.2,9.4,147.3
Damien Harris BUF,123.1,548.8,3.9,16.9,116.1,0.4,0.7,99.3,2023,18230,82.4,7.5,114.7
De'Von Achane MIA,119.1,475.7,3.0,21.9,183.3,0.9,0.9,98.0,2023,23136,0.0,0.0,124.0
Jaylen Warren PIT,107.4,482.7,2.6,23.8,202.2,0.4,0.4,98.0,2023,24209,79.3,5.0,161.3
Chuba Hubbard CAR,112.1,524.3,3.1,17.6,155.2,0.5,0.7,96.9,2023,19792,80.7,5.8,171.3
D'Onta Foreman CHI,133.1,654.6,3.3,7.0,51.7,0.2,0.6,94.1,2023,16407,128.5,8.0,151.3
Kenneth Gainwell PHI,90.0,396.2,3.7,22.1,169.8,0.7,0.3,93.3,2023,23310,76.4,4.5,156.7
Tank Bigsby JAC,108.2,431.0,2.7,17.8,141.4,0.7,0.9,84.7,2023,22908,0.0,0.0,155.3
Gus Edwards BAL,119.5,564.0,3.2,6.8,58.7,0.2,0.9,83.7,2023,17687,59.3,6.6,187.7
Chase Edmonds TB,81.6,358.3,1.8,20.2,162.3,0.8,0.4,76.8,2023,17496,66.2,5.1,245.0
Roschon Johnson CHI,97.6,440.5,2.3,10.5,109.2,0.6,1.0,75.5,2023,25322,0.0,0.0,162.3
Cordarrelle Patterson ATL,72.5,309.1,2.4,19.5,158.6,0.8,0.2,75.3,2023,11613,144.2,11.1,175.0
Joshua Kelley LAC,93.1,380.6,2.3,13.6,115.7,0.3,1.2,69.4,2023,19445,57.8,4.8,230.5
Tyjae Spears TEN,90.7,357.0,1.9,15.3,128.1,0.6,0.8,69.2,2023,25323,0.0,0.0,174.0
Clyde Edwards-Helaire KC,77.3,325.1,2.1,13.2,115.2,0.9,0.3,68.4,2023,19325,89.8,9.0,175.0
Ty Chandler MIN,89.2,328.1,2.0,13.8,114.6,0.6,0.7,65.1,2023,19471,2.0,1.0,221.0
Kyren Williams LAR,82.9,339.0,1.4,16.3,130.8,0.4,0.5,64.6,2023,23059,26.0,3.3,205.0
Chase Brown CIN,70.5,287.4,1.7,16.9,138.8,0.6,0.8,63.3,2023,25324,0.0,0.0,201.0
Jerome Ford CLE,96.1,353.0,1.7,10.5,101.5,0.5,0.6,63.0,2023,22921,1.2,0.1,197.5
Kendre Miller NO,84.3,301.4,1.6,11.4,112.4,0.5,0.8,58.0,2023,24360,0.0,0.0,165.0
Keaontay Ingram ARI,72.6,297.0,1.8,13.7,93.5,0.3,0.4,57.4,2023,23162,16.1,1.5,295.5
Latavius Murray BUF,62.7,293.1,1.7,10.3,75.1,0.2,0.0,53.2,2023,11821,140.7,10.1,268.0
Matt Breida NYG,61.1,274.1,1.2,12.9,106.5,0.3,0.9,52.0,2023,17058,49.8,2.9,308.0
Isaiah Spiller LAC,70.5,274.3,1.2,9.5,82.1,0.3,0.3,48.8,2023,23143,6.9,1.4,324.0
Abram Smith MIN,0.0,173.4,1.2,16.2,126.5,0.6,0.1,48.8,2023,23796,0.0,0.0,
Zamir White LV,59.4,253.0,1.9,10.4,48.6,0.3,0.2,48.3,2023,20095,7.0,0.6,180.0
Kenyan Drake IND,55.2,231.3,1.2,13.0,98.4,0.2,0.2,47.6,2023,15637,95.6,8.0,315.0
Zach Evans LAR,62.6,237.2,1.3,9.8,92.0,0.4,0.5,47.4,2023,23122,0.0,0.0,254.0
Ronald Jones II DAL,63.1,299.1,1.8,4.4,41.4,0.1,0.5,47.1,2023,17243,15.7,3.1,
Deuce Vaughn DAL,68.2,231.4,1.3,10.9,92.1,0.5,0.7,47.1,2023,22984,0.0,0.0,171.3
Zack Moss IND,64.6,286.2,1.2,9.2,61.2,0.2,0.5,47.0,2023,19263,59.0,4.5,276.0
Corey Clement ARI,56.4,205.1,1.7,11.8,80.7,0.2,0.4,44.8,2023,16446,19.4,3.9,
JaMycal Hasty JAC,36.9,178.2,1.0,12.8,95.1,0.4,0.2,41.6,2023,19627,60.0,4.3,
Eric Gray NYG,50.0,212.6,1.1,8.5,71.6,0.4,0.8,40.2,2023,23075,0.0,0.0,
Ameer Abdullah LV,28.1,97.1,0.4,18.4,140.5,0.6,0.1,38.5,2023,13924,41.6,2.6,
Michael Carter NYJ,42.1,155.2,0.6,11.6,118.1,0.3,0.3,37.9,2023,22728,105.5,6.6,209.7
Ke'Shawn Vaughn TB,55.1,217.3,1.3,6.9,45.2,0.2,0.6,37.2,2023,19351,8.7,1.0,
Melvin Gordon III BAL,38.7,175.7,0.9,10.5,82.4,0.3,0.8,36.5,2023,13903,74.6,7.5,294.0
Hassan Haskins TEN,39.7,152.3,0.5,12.9,89.6,0.4,0.2,35.6,2023,23798,20.5,1.5,279.0
Deon Jackson IND,39.5,106.3,0.4,17.9,109.1,0.5,0.8,33.9,2023,20097,69.5,5.8,246.0
Jordan Mason SF,52.3,235.8,0.9,2.9,33.7,0.1,0.2,33.9,2023,22969,31.8,2.7,326.0
Trayveon Williams CIN,52.4,192.6,0.7,8.0,61.2,0.2,0.9,33.3,2023,18607,7.0,0.8,325.0
Raheem Blackshear CAR,31.5,118.3,1.2,10.9,81.2,0.3,0.4,33.2,2023,20100,38.0,2.9,329.0
Pierre Strong Jr. NE,45.8,187.5,0.7,5.2,63.4,0.2,0.2,32.4,2023,24173,23.7,2.4,274.0
Chris Rodriguez Jr. WAS,39.1,164.0,0.8,8.7,60.4,0.2,0.2,32.3,2023,22986,0.0,0.0,328.0
Rico Dowdle DAL,46.3,161.2,0.8,6.4,52.3,0.2,0.1,30.6,2023,19647,0.0,0.0,327.0
DeeJay Dallas SEA,20.3,123.7,0.6,9.7,82.7,0.3,0.1,30.3,2023,19521,38.7,2.6,
Sean Tucker TB,44.3,171.1,0.6,6.3,60.9,0.2,0.3,30.3,2023,23679,0.0,0.0,284.0
Kene Nwangwu MIN,44.7,153.1,0.9,7.3,50.8,0.2,0.2,30.2,2023,23249,10.5,0.8,
Evan Hull IND,45.3,173.9,0.6,5.2,61.0,0.1,0.2,29.9,2023,25325,0.0,0.0,273.0
Chris Evans CIN,36.4,128.1,0.5,9.9,75.4,0.3,0.2,29.8,2023,22797,11.3,1.1,322.0
Craig Reynolds DET,24.0,115.8,0.6,8.9,74.2,0.3,0.1,29.2,2023,19074,26.3,3.8,
Malik Davis DAL,49.8,168.7,0.9,3.7,44.5,0.1,0.2,28.8,2023,24205,31.4,5.2,292.5
Ty Montgomery NE,22.4,64.5,0.2,14.4,101.9,0.5,0.0,28.0,2023,13977,8.8,8.8,
DeWayne McBride MIN,56.8,169.5,0.7,3.4,52.2,0.1,0.2,28.0,2023,25265,0.0,0.0,274.5
Anthony McFarland Jr. PIT,23.2,133.9,0.6,8.2,52.6,0.2,0.1,27.5,2023,19366,5.1,5.1,
Kyle Juszczyk SF,8.9,30.4,0.4,13.0,107.9,0.6,0.0,26.3,2023,11798,44.1,3.4,
Boston Scott PHI,30.9,142.2,1.1,3.6,35.4,0.1,0.2,26.3,2023,17612,43.7,2.9,
Sincere McCormick LV,30.0,136.0,1.0,4.0,39.0,0.0,0.0,25.5,2023,23172,0.0,0.0,
Zonovan Knight NYJ,35.4,144.3,0.4,5.5,50.7,0.2,0.2,25.4,2023,24901,52.5,7.5,
Travis Homer CHI,18.8,97.1,0.3,8.3,76.2,0.2,0.1,24.5,2023,18616,35.1,2.9,
D'Ernest Johnson JAC,33.0,136.2,0.4,4.7,40.5,0.1,0.0,23.1,2023,19111,3.9,0.4,306.0
Patrick Taylor Jr. GB,23.3,109.2,0.7,6.1,36.8,0.2,0.1,23.0,2023,19544,5.3,0.8,
Tyler Badie DEN,17.2,88.7,0.4,9.5,56.7,0.2,0.1,22.9,2023,23812,8.9,8.9,
Deneric Prince KC,31.4,117.5,0.5,5.4,46.9,0.2,0.2,22.7,2023,25770,0.0,0.0,270.0
Demetric Felton Jr. CLE,20.2,79.4,0.2,10.1,70.1,0.2,0.1,22.5,2023,20105,1.4,0.2,
Dare Ogunbowale HOU,16.9,75.0,0.5,9.4,59.3,0.2,0.1,22.0,2023,16879,38.7,2.6,
Gary Brightwell NYG,22.6,110.7,0.8,5.0,30.8,0.1,0.1,21.8,2023,23293,26.5,1.8,
James Robinson NYG,44.0,139.6,0.2,4.0,44.5,0.1,0.4,21.2,2023,19631,83.1,7.6,287.0
Kevin Harris NE,32.8,128.9,0.5,3.1,32.7,0.1,0.1,21.0,2023,23117,11.2,2.2,
Damien Williams LV,24.4,74.9,0.5,7.0,36.0,0.5,0.1,20.5,2023,12334,0.2,0.2,
Tony Jones Jr. DEN,25.5,96.2,0.5,6.0,38.7,0.2,0.1,20.4,2023,19482,7.9,2.6,
John Kelly Jr. CLE,19.0,81.5,0.5,5.8,43.3,0.3,0.2,19.6,2023,17304,0.0,0.0,
Salvon Ahmed MIA,31.7,97.1,0.1,4.3,52.1,0.1,0.0,18.1,2023,19449,13.7,2.0,
Tyrion Davis-Price SF,35.5,107.8,0.4,2.5,33.6,0.1,0.2,17.9,2023,22992,9.9,2.0,
Myles Gaskin MIA,32.4,98.1,0.1,4.4,56.2,0.1,0.4,17.8,2023,17251,7.4,3.7,
Brandon Bolden LV,19.8,66.6,0.5,5.1,45.0,0.2,0.1,17.5,2023,11410,23.8,2.0,
Justice Hill BAL,18.5,79.0,0.3,6.4,39.7,0.2,0.2,17.2,2023,18256,36.0,2.4,309.0
Lew Nichols III GB,24.0,97.0,0.5,4.0,25.4,0.0,0.1,17.1,2023,25443,0.0,0.0,
Reggie Gilliam BUF,4.4,18.5,0.2,9.0,65.9,0.5,0.0,17.0,2023,19844,18.1,2.3,
Kirk Merritt NO,9.1,38.7,0.3,7.4,58.1,0.3,0.1,16.9,2023,19753,0.0,0.0,
Elijah Dotson LAC,15.7,65.8,0.6,4.5,32.0,0.2,0.1,16.4,2023,25558,0.0,0.0,
Alec Ingold MIA,5.0,13.2,0.1,10.3,70.3,0.4,0.0,16.3,2023,18571,30.8,2.6,
J.J. Taylor NE,4.4,67.7,0.5,4.3,29.1,0.2,0.1,15.7,2023,19438,2.2,2.2,
Darrynton Evans BUF,13.5,46.0,0.1,9.0,43.3,0.3,0.1,15.2,2023,19418,10.2,3.4,
Ty'Son Williams ARI,19.8,73.5,0.5,3.7,26.0,0.1,0.0,15.1,2023,19636,1.0,1.0,
Snoop Conner JAC,21.7,71.0,0.6,3.2,20.8,0.1,0.0,14.9,2023,23027,10.2,2.0,
Jonathan Williams WAS,26.8,75.3,0.4,3.4,20.8,0.1,0.1,13.9,2023,15611,22.7,2.5,
Brittain Brown LV,15.5,63.7,0.4,4.1,26.8,0.1,0.1,13.7,2023,24572,0.0,0.0,
Trey Sermon PHI,21.6,74.6,0.1,3.8,35.1,0.1,0.2,13.5,2023,19425,1.9,1.9,
Zander Horvath LAC,6.1,14.3,0.0,5.5,25.1,1.1,0.0,13.5,2023,23933,16.1,2.0,
Royce Freeman LAR,11.5,64.9,0.3,4.2,25.3,0.1,0.1,13.1,2023,17245,16.0,3.2,
Mike Boone HOU,21.0,70.2,0.2,2.8,26.5,0.1,0.0,12.9,2023,17813,24.3,3.0,
C.J. Ham MIN,5.9,16.9,0.1,8.0,45.6,0.3,0.0,12.8,2023,16209,26.3,2.4,
Julius Chestnut TEN,12.7,44.9,0.1,5.7,37.3,0.2,0.1,12.6,2023,24689,6.8,1.1,
Jaleel McLaughlin DEN,16.5,57.4,0.2,3.8,25.8,0.1,0.1,11.8,2023,25876,0.0,0.0,
Patrick Ricard BAL,5.8,16.6,0.1,7.1,43.0,0.3,0.4,10.9,2023,17145,14.5,1.1,
La'Mical Perine KC,4.2,17.6,0.2,5.0,35.6,0.3,0.0,10.9,2023,19333,0.0,0.0,
Godwin Igwebuike ATL,0.0,7.8,0.1,6.6,47.3,0.2,0.0,10.7,2023,17352,1.2,0.2,
Hunter Luepke DAL,0.0,23.2,0.3,4.8,24.9,0.3,0.0,10.3,2023,25941,0.0,0.0,
Jermar Jefferson DET,4.6,19.4,0.2,4.4,34.4,0.3,0.0,10.3,2023,20088,0.0,0.0,
Trestan Ebner CHI,16.2,54.5,0.1,3.0,25.0,0.1,0.1,10.2,2023,24047,5.2,0.5,
Jake Funk IND,8.4,35.3,0.2,3.5,24.8,0.2,0.0,9.8,2023,23190,0.0,0.0,290.0
Ronnie Rivers LAR,12.8,41.9,0.0,4.1,26.7,0.1,0.1,9.5,2023,23986,7.5,3.8,
Qadree Ollison JAC,4.5,18.8,0.2,4.5,32.1,0.2,0.0,9.4,2023,18480,0.0,0.0,
Patrick Laird TB,4.3,18.0,0.2,4.4,31.7,0.2,0.0,9.1,2023,18332,0.0,0.0,
Jason Cabinda DET,4.6,12.5,0.1,4.4,33.2,0.3,0.0,9.1,2023,17429,0.0,0.0,
Giovanni Ricci CAR,4.7,19.6,0.2,4.1,30.0,0.2,0.0,9.1,2023,19756,,,
Spencer Brown CAR,4.7,19.7,0.2,4.1,28.6,0.2,0.0,8.9,2023,23264,6.3,3.2,
Larry Rountree III HOU,4.3,17.6,0.0,4.8,36.0,0.2,0.0,8.8,2023,19537,4.3,1.4,
Nate McCrary GB,5.4,22.6,0.1,3.8,28.5,0.2,0.0,8.7,2023,23512,0.0,0.0,
Gerrid Doaks HOU,4.7,19.7,0.1,4.0,27.8,0.2,0.0,8.3,2023,23286,0.0,0.0,
Jonathan Ward TEN,10.1,42.8,0.2,1.9,14.0,0.1,0.0,8.3,2023,19974,4.2,1.1,
Avery Williams ATL,5.4,23.1,0.2,3.4,22.1,0.2,0.0,8.3,2023,23279,25.5,1.5,
Jaret Patterson WAS,10.1,33.6,0.2,2.4,16.2,0.1,0.0,8.0,2023,20155,7.8,3.9,
Adam Prentice NO,0.0,12.1,0.1,4.0,19.1,0.2,0.0,6.9,2023,23451,3.3,0.6,
Henry Pearson GB,0.0,13.1,0.1,3.7,16.4,0.2,0.0,6.8,2023,25667,0.0,0.0,
Michael Burton DEN,4.7,12.1,0.1,3.3,19.2,0.2,0.0,6.6,2023,14191,2.8,0.2,
Jack Colletto SF,0.0,7.3,0.1,3.6,16.3,0.2,0.0,5.7,2023,25630,0.0,0.0,
Jason Huntley IND,5.0,14.6,0.1,2.2,17.5,0.1,0.0,5.6,2023,19655,0.0,0.0,
Khari Blasingame CHI,5.7,13.5,0.1,2.7,12.3,0.1,0.0,5.3,2023,18847,0.0,0.0,
Jakob Johnson LV,0.0,2.0,0.0,4.5,16.0,0.2,0.0,5.2,2023,18673,3.5,0.3,
Keith Smith ATL,5.4,12.4,0.1,2.8,11.4,0.1,0.0,5.1,2023,13192,1.5,0.2,
Ellis Merriweather NO,0.0,10.2,0.1,0.5,3.7,0.0,0.0,2.3,2023,25918,0.0,0.0,
Tyler Goodson GB,0.0,10.2,0.1,0.5,2.6,0.0,0.0,2.2,2023,22976,0.0,0.0,
Dwayne Washington DEN,0.0,3.6,0.0,0.5,4.4,0.0,0.0,1.1,2023,15850,5.0,0.7,
Clint Ratkovich ATL,0.0,0.0,0.0,0.2,1.4,0.0,0.0,0.2,2023,24080,0.0,0.0,
Nick Bellore SEA,0.0,0.0,0.0,0.0,0.0,0.0,0.0,0.0,2023,10978,0.0,0.0,
Keaton Mitchell BAL,38.0,123.7,0.0,0.0,45.9,0.0,0.2,0.0,2023,25360,0.0,0.0,
Israel Abanikanda NYJ,94.3,352.4,0.3,0.0,130.8,0.1,0.5,0.0,2023,24352,0.0,0.0,277.5
Kenny McIntosh SEA,49.0,164.8,0.0,0.0,61.1,0.0,0.3,0.0,2023,25329,0.0,0.0,
Darrel Williams NO,36.7,117.1,0.0,0.0,72.6,0.0,0.2,0.0,2023,17514,19.1,3.8,
